Date,Open,Close,Low,High,Volume,,MACD,,
1896-05-31,29.39,29.43,29.11,29.43,0,,,,
1896-06-30,29.4,26.18,25.73,29.4,0,,,,
1896-07-31,25.05,23.19,22.09,25.49,0,,,,
1896-08-31,22.81,23.15,20.76,23.15,0,,,,
1896-09-30,23.19,26.11,23.19,26.51,0,,,,
1896-10-31,26.08,28.54,25.16,28.54,0,,,,
1896-11-30,29.64,29.69,29.64,32.52,0,,,,
1896-12-31,30.4,29.3,27.95,30.58,0,,,,
1897-01-31,29.24,30.46,29.24,31.32,0,,,,
1897-02-28,30.69,29.9,28.78,30.69,0,,,,
1897-03-31,30.19,28.59,28.34,30.51,0,,,,
1897-04-30,28.8,28.22,27.88,29.28,0,,,,
1897-05-31,28.09,28.71,28.01,28.93,0,,,,
1897-06-30,28.98,31.94,28.98,32.31,0,,,,
1897-07-31,32.02,34.73,31.58,34.73,0,,,,
1897-08-31,35.37,39.7,35.37,39.7,0,,,,
1897-09-30,40.15,36.92,36.92,40.43,0,,,,
1897-10-31,37.33,35.35,35.07,38.14,0,,,,
1897-11-30,35.57,34.37,33.06,35.57,0,,,,
1897-12-31,35.06,35.79,34.87,36.07,0,,,,
1898-01-31,35.71,36.22,34.76,36.7,0,,,,
1898-02-28,36.04,33.44,32.35,36.33,0,,,,
1898-03-31,34.38,32.9,30.42,34.38,0,,,,
1898-04-30,31.97,33.13,31.34,33.55,0,,,,
1898-05-31,35.2,38.2,34.98,38.2,0,,,,
1898-06-30,38.29,38.11,36.84,38.9,0,,,,
1898-07-31,38.39,39.12,37.86,39.23,0,,,,
1898-08-31,39.54,43.71,39.54,44.16,0,,,,
1898-09-30,43.82,38.7,38.7,43.82,0,,,,
1898-10-31,38.83,40.15,37.34,40.15,0,,,,
1898-11-30,39.79,41.43,39.48,41.43,0,,,,
1898-12-31,42.12,43.83,42.11,43.83,0,,,,
1899-01-31,43.75,46.61,43.75,47.09,0,,,,
1899-02-28,46.67,48.37,44.87,48.78,0,,0.773201926,,
1899-03-31,48.26,53.83,47.73,54.1,0,,1.144720612,,
1899-04-30,55.06,55.84,52.58,55.97,0,,1.409485258,,
1899-05-31,54.02,48.89,48.89,55.07,0,,1.018440371,,
1899-06-30,49.54,50.97,49.54,52.93,0,,0.810798266,,
1899-07-31,51.77,53.4,51.1,53.4,0,,0.749482622,,
1899-08-31,53.51,54.8,53.36,55.21,0,,0.715655421,,
1899-09-30,54.73,52.78,52.43,56.21,0,,0.480943187,,
1899-10-31,51.39,54.3,51.39,54.3,0,,0.357442473,,
1899-11-30,54.44,54.72,53.36,54.9,0,,0.239106982,,
1899-12-31,54.66,47.6,42.2,54.66,0,,-0.351517863,,
1900-01-31,49.34,47.89,45.82,49.34,0,,-0.733512927,,
1900-02-28,48.77,46.32,45.88,49.51,0,,-1.081747102,,
1900-03-31,46.05,47.36,44.26,47.36,0,,-1.221535973,,
1900-04-30,47.47,44.42,44.32,47.91,0,,-1.474557577,,
1900-05-31,44.41,42.8,41.01,44.41,0,,-1.697687322,,
1900-06-30,43.01,39.71,38.88,43.01,0,,-1.980327192,,
1900-07-31,40.18,41.14,40.18,42.75,0,,-1.992481,,
1900-08-31,41.33,41.87,41.33,42.66,0,,-1.874593358,,
1900-09-30,42.4,39.21,38.36,42.43,0,,-1.893447424,,
1900-10-31,39.8,42.76,39.49,44.03,0,,-1.59639694,,
1900-11-30,42.86,48.23,42.86,50.02,0,,-0.990747054,,
1900-12-31,48.11,51.21,46.48,51.45,0,,-0.38007008,,
1901-01-31,51.02,48.39,47.02,51.02,0,,-0.167531115,,
1901-02-28,49.04,48.52,48.52,51.26,0,,-0.027035037,,
1901-03-31,49.08,50.28,48.66,50.28,0,,0.165025327,,
1901-04-30,51.36,54.9,51.36,54.96,0,,0.561479458,,
1901-05-31,54.99,54.88,48.8,54.99,0,,0.767867176,,
1901-06-30,56.3,55.38,55.12,56.68,0,,0.875740825,,
1901-07-31,55.83,51.88,50.31,55.83,0,,0.658946202,,
1901-08-31,51.94,53.21,50.01,53.47,0,,0.556757974,,
1901-09-30,52.62,48.28,47.96,53.07,0,,0.130992149,,
1901-10-31,47.85,46.68,46.15,47.85,0,,-0.263052233,,
1901-11-30,46.84,47.57,46.7,48.18,0,,-0.457052239,,
1901-12-31,46.37,46.76,44.56,46.98,0,,-0.62294682,,
1902-01-31,46.58,47.04,45.32,47.2,0,,-0.69154792,,
1902-02-28,46.91,46.94,46.77,47.46,0,,-0.718245704,,
1902-03-31,47.29,48.66,46.91,48.9,0,,-0.599494584,,
1902-04-30,48.67,48.53,47.76,49.57,0,,-0.512500346,,
1902-05-31,48.6,48.1,46.88,48.6,0,,-0.467948297,,
1902-06-30,47.99,46.58,46.11,47.99,0,,-0.520828385,,
1902-07-31,46.53,47.67,46.53,48.73,0,,-0.464253813,,
1902-08-31,47.74,48,47.32,48.37,0,,-0.389484208,,
1902-09-30,48.2,47.91,46.4,49.08,0,,-0.333145562,,
1902-10-31,48.13,47.84,46.24,48.22,0,,-0.289276788,,
1902-11-30,47.47,45,43.9,47.47,0,,-0.431639171,,
1902-12-31,45.29,46.56,43.14,46.56,0,,-0.40148325,,
1903-01-31,46.79,47.05,46.49,48.04,0,,-0.332146861,,
1903-02-28,47.46,47.92,47.46,49.03,0,,-0.216879899,,
1903-03-31,47.81,46.09,45.53,47.81,0,,-0.250680407,,
1903-04-30,45.97,46.19,44.03,46.76,0,,-0.252402197,,
1903-05-31,46.24,43.65,43.65,46.4,0,,-0.401830766,,
1903-06-30,43.16,42.79,41.03,43.38,0,,-0.52787626,,
1903-07-31,42.59,36.76,36.1,42.59,0,,-0.961392369,,
1903-08-31,36.63,38.52,34.75,39.02,0,,-1.065568662,,
1903-09-30,38.2,33.17,32.66,38.2,0,,-1.409174989,,
1903-10-31,34.08,32.46,30.6,34.49,0,,-1.585513257,,
1903-11-30,32.92,32.11,30.53,32.92,0,,-1.621179138,,
1903-12-31,32.12,35.57,32.12,35.74,0,,-1.319964333,,
1904-01-31,34.6,35.57,34.09,36.57,0,,-1.041190069,,
1904-02-29,35.51,34.42,33.83,35.51,0,,-0.862112141,,
1904-03-31,34.66,35.58,33.65,35.58,0,,-0.605525773,,
1904-04-30,35.26,35.42,35.21,36.2,0,,-0.396668499,,
1904-05-31,35.07,34.89,34.35,35.28,0,,-0.251383988,,
1904-06-30,34.95,35.67,34.82,35.83,0,,-0.069387612,,
1904-07-31,35.71,37.75,35.71,38.37,0,,0.20919961,,
1904-08-31,38.19,39.52,38.15,39.55,0,,0.513463816,,
1904-09-30,39.79,41.71,39.79,41.71,0,,0.843504957,,
1904-10-31,42.48,45.65,41.71,45.91,0,,1.282159673,,
1904-11-30,46.15,52.16,46.15,52.41,0,,1.926985363,,
1904-12-31,52.18,50.73,47.63,53.04,0,,2.156127957,,
1905-01-31,50.98,51.66,49.8,51.66,0,,2.258411841,,
1905-02-28,51.36,54.43,51.36,55.12,0,,2.388098377,,
1905-03-31,55.09,57.95,54.98,57.95,0,,2.57058227,,
1905-04-30,58.76,56.4,56.4,60.66,0,,2.447177985,,
1905-05-31,55.69,53.83,51.69,56.53,0,,2.067846341,,
1905-06-30,52.99,55.67,52.53,56.33,0,,1.824712435,,
1905-07-31,57,59.17,56.51,59.17,0,,1.781468548,,
1905-08-31,58.92,58.4,58.4,59.98,0,,1.589217016,,
1905-09-30,57.69,58.95,56.93,59.32,0,,1.394265691,,
1905-10-31,59.51,60.67,58.54,60.67,0,,1.279330713,,
1905-11-30,60.94,65.1,58.54,65.1,0,,1.390603526,,
1905-12-31,64.91,69.93,64.86,69.93,0,,1.660183496,,
1906-01-31,68.8,72.92,68.4,74.6,0,,1.893647101,,
1906-02-28,73.55,68.04,68.04,73.66,0,,1.585674102,,
1906-03-31,67.96,69.96,67.28,70.22,0,,1.384829623,,
1906-04-30,70.86,65.57,65.12,71.11,0,,0.855814061,,
1906-05-31,63.76,67.9,62.61,67.91,0,,0.575743217,,
1906-06-30,68.09,63.22,63.22,68.96,0,,0.017713819,,
1906-07-31,62.37,66.93,61.69,66.93,0,,-0.149891968,,
1906-08-31,67.88,68.09,66.41,69.58,0,,-0.226395034,,
1906-09-30,67.58,68.79,67.58,69.58,0,,-0.270626389,,
1906-10-31,69.36,67.29,67.29,70.07,0,,-0.432093827,,
1906-11-30,67.93,68.89,66.91,69.04,0,,-0.459758595,,
1906-12-31,69.06,68.33,67.31,69.45,0,,-0.538906479,,
1907-01-31,68.26,66.41,65.74,69.8,0,,-0.731737665,,
1907-02-28,65.61,65.57,65,67.64,0,,-0.915123959,,
1907-03-31,65.27,58.05,54.6,65.27,0,,-1.507193206,,
1907-04-30,59.61,61.05,58.95,61.42,0,,-1.649582742,,
1907-05-31,60.74,56.56,55.98,61.58,0,,-1.976892019,,
1907-06-30,56.06,57.94,56.06,58.1,0,,-2.023831893,,
1907-07-31,58.86,57.12,57.12,59.77,0,,-2.028367128,,
1907-08-31,56.75,52.35,50.15,57.12,0,,-2.253542925,,
1907-09-30,53.24,49.05,49.05,53.51,0,,-2.506259619,,
1907-10-31,49.21,41.79,41.45,49.21,0,,-3.009996264,,
1907-11-30,41.69,41.65,38.39,42.35,0,,-3.183418485,,
1907-12-31,43.56,42.55,41.17,44.74,0,,-3.067088922,,
1908-01-31,43.17,45.41,43.17,47.68,0,,-2.643173604,,
1908-02-29,44.77,44.23,42.46,45,0,,-2.300490869,,
1908-03-31,44.24,48.89,44.16,50.64,0,,-1.648748699,,
1908-04-30,49.13,50.37,48.55,50.91,0,,-1.036641803,,
1908-05-31,50.64,52.7,50.54,54.41,0,,-0.424857453,,
1908-06-30,53.87,52.57,51.93,53.87,0,,-0.001369132,,
1908-07-31,52.7,58.19,52.7,58.19,0,,0.648853616,,
1908-08-31,58.71,61.31,58.71,61.85,0,,1.246080331,,
1908-09-30,61.24,57.89,55.82,61.24,0,,1.358574957,,
1908-10-31,57.58,60.05,57.58,60.51,0,,1.514357844,,
1908-11-30,60.04,63.23,60.04,64.01,0,,1.750749067,,
1908-12-31,63.47,62.39,60.45,63.49,0,,1.764734695,,
1909-01-31,61.75,61.29,61.18,62.97,0,,1.617972874,,
1909-02-28,61.16,58.91,57.87,62.81,0,,1.292776868,,
1909-03-31,59.91,62.37,59.13,62.37,0,,1.24253774,,
1909-04-30,61.83,63.94,61.83,63.94,0,,1.243822494,,
1909-05-31,64.28,66.76,64.28,66.76,0,,1.354271227,,
1909-06-30,66.91,66.83,64.94,68.22,0,,1.34876669,,
1909-07-31,67.32,69.65,67.22,69.65,0,,1.443297908,,
1909-08-31,70.63,70.9,69.75,71.78,0,,1.492090818,,
1909-09-30,70.61,72.1,69.43,72.51,0,,1.503066377,,
1909-10-31,72.69,71.68,69.68,72.69,0,,1.382952988,,
1909-11-30,72.02,69.54,69.45,72.81,0,,1.074053718,,
1909-12-31,70.17,71.74,70.01,71.9,0,,0.9375408,,
1910-01-31,71.22,66.57,65.66,71.22,0,,0.443759514,,
1910-02-28,66.15,66.15,61.58,66.15,0,,0.054056651,,
1910-03-31,66.46,64.97,64.8,68.48,0,,-0.298607634,,
1910-04-30,64.97,63.13,62.5,66.89,0,,-0.651008683,,
1910-05-31,61.93,62.52,61.36,64.7,0,,-0.904791787,,
1910-06-30,62.06,58.79,58.79,62.49,0,,-1.280508254,,
1910-07-31,59.13,56.18,53.32,59.13,0,,-1.63856019,,
1910-08-31,55.14,57.71,55.14,58.96,0,,-1.698830928,,
1910-09-30,56.91,57.74,56.74,57.74,0,,-1.661153205,,
1910-10-31,58.43,61.39,58.43,62.3,0,,-1.329252366,,
1910-11-30,61.63,59.77,59.77,62.18,0,,-1.163626421,,
1910-12-31,58.98,58.96,57.71,59.5,0,,-1.056556296,,
1911-01-31,59.47,61.51,59.17,61.51,0,,-0.774965162,,
1911-02-28,61.8,61.58,61.08,62.26,0,,-0.555250618,,
1911-03-31,61.22,60.31,59.62,61.22,0,,-0.470087061,,
1911-04-30,60.35,60.34,59.07,60.35,0,,-0.389687484,,
1911-05-31,60.94,61.96,59.82,62.58,0,,-0.214130294,,
1911-06-30,62.13,62.27,62.13,63.05,0,,-0.071246248,,
1911-07-31,62.02,62.3,61.76,62.63,0,,0.025962126,,
1911-08-31,61.9,57.4,57.22,61.9,0,,-0.225234205,,
1911-09-30,57.34,54.43,52.83,58.14,0,,-0.557954284,,
1911-10-31,55.59,54.89,54.19,56.74,0,,-0.704163854,,
1911-11-30,56.27,58.64,56.27,59.29,0,,-0.514242659,,
1911-12-31,58.16,59.08,57.35,59.61,0,,-0.333661597,,
1912-01-31,59.65,58.08,58.08,59.65,0,,-0.259538063,,
1912-02-29,58.3,58.95,58.18,59.08,0,,-0.136095151,,
1912-03-31,59.44,63.9,59.44,64.18,0,,0.272475367,,
1912-04-30,64.49,65.4,64.26,65.86,0,,0.617548436,,
1912-05-31,65.42,63.74,63.44,65.53,0,,0.701661898,,
1912-06-30,64.16,65.97,64.16,65.97,0,,0.864453051,,
1912-07-31,66.16,64.97,63.71,66.41,0,,0.859922757,,
1912-08-31,65.52,66.32,65.07,66.67,0,,0.898767679,,
1912-09-30,65.63,68.19,65.46,68.19,0,,0.993899743,,
1912-10-31,68.01,65.7,65.44,68.17,0,,0.838814205,,
1912-11-30,65.55,66.09,64.88,66.59,0,,0.716910005,,
1912-12-31,65.8,63.64,61.74,65.8,0,,0.439317498,,
1913-01-31,64.04,60.63,59.06,64.15,0,,0.041955248,,
1913-02-28,60.3,58.17,57.01,60.45,0,,-0.37464188,,
1913-03-31,58.9,58.61,56.67,59.16,0,,-0.595531238,,
1913-04-30,59.33,56.88,56.77,60.25,0,,-0.819302365,,
1913-05-31,57.66,56.77,56.77,57.9,0,,-0.927897307,,
1913-06-30,55.96,54.24,52.23,55.96,0,,-1.110933201,,
1913-07-31,54.63,56.84,54.49,57.26,0,,-1.001115541,,
1913-08-31,56.64,59.25,56.64,59.25,0,,-0.723343382,,
1913-09-30,58.62,58.21,58.14,60.14,0,,-0.573384166,,
1913-10-31,58.51,56.71,55.83,58.98,0,,-0.539446003,,
1913-11-30,56.32,55.2,55,56.57,0,,-0.579415354,,
1913-12-31,54.88,57.06,54.51,57.11,0,,-0.447227111,,
1914-01-31,56.92,59.97,56.92,60.03,0,,-0.146035481,,
1914-02-28,59.79,59.39,58.89,60.25,0,,0.022904432,,
1914-03-31,59.14,59.67,58.75,60.42,0,,0.154926408,,
1914-04-30,59.72,57.3,56.14,59.73,0,,0.08741821,,
1914-05-31,58.02,59.08,57.33,59.14,0,,0.163031315,,
1914-06-30,58.65,58.42,57.43,59.27,0,,0.168299637,,
1914-07-31,58.18,51.73,51.73,59.24,0,,-0.256003066,,
1914-12-31,56.76,54.58,53.17,56.76,0,,-0.31790592,,
1915-01-31,55.44,56.54,55.4,58.51,0,,-0.205491668,,
1915-02-28,55.59,55.02,54.22,57.83,0,,-0.211328886,,
1915-03-31,55.29,60.83,55.29,61.3,0,,0.1772873,,
1915-04-30,61.05,71.78,61.05,71.78,0,,1.120386054,,
1915-05-31,69.54,65.01,60.38,69.58,0,,1.228182354,,
1915-06-30,64.86,70.06,64.86,71.9,0,,1.558301909,,
1915-07-31,69.85,75.53,67.88,75.79,0,,2.033715694,,
1915-08-31,76.46,81.2,76.46,81.88,0,,2.583403395,,
1915-09-30,81.79,90.58,80.7,90.58,0,,3.381704443,,
1915-10-31,90.88,95.34,88.23,96.46,0,,3.991438066,,
1915-11-30,95.16,96.71,91.08,97.56,0,,4.225578861,,
1915-12-31,95.9,99.15,94.78,99.21,0,,4.270685251,,
1916-01-31,98.81,90.58,90.58,98.81,0,,3.482577753,,
1916-02-29,91.93,91.03,90.89,96.15,0,,2.781239658,,
1916-03-31,90.69,93.25,90.52,96.08,0,,2.277670503,,
1916-04-30,94.13,89.65,87,94.46,0,,1.547846939,,
1916-05-31,90.3,91.8,87.71,92.62,0,,1.077893764,,
1916-06-30,91.87,89.58,87.68,93.61,0,,0.514118107,,
1916-07-31,89.37,89.25,86.4,90.53,0,,0.040533993,,
1916-08-31,89.05,92.25,88.15,93.83,0,,-0.139273313,,
1916-09-30,91.19,103.73,91.19,103.73,0,,0.415970012,,
1916-10-31,103.01,104.61,98.94,105.28,0,,0.725406742,,
1916-11-30,105.9,105.97,105.63,110.15,0,,0.893534606,,
1916-12-31,106.17,95,90.16,106.76,0,,0.175370928,,
1917-01-31,96.15,95.43,95.43,99.18,0,,-0.333534128,,
1917-02-28,88.52,91.56,87.01,94.91,0,,-0.958258054,,
1917-03-31,91.1,96.72,91.1,98.2,0,,-1.044368374,,
1917-04-30,97.06,93.23,90.66,97.06,0,,-1.338014541,,
1917-05-31,93.42,97.38,89.08,97.41,0,,-1.255730182,,
1917-06-30,97.89,95.38,94.78,98.58,0,,-1.331749903,,
1917-07-31,95.23,91.75,90.48,95.31,0,,-1.60399394,,
1917-08-31,92.26,83.4,83.4,93.85,0,,-2.282519641,,
1917-09-30,81.2,83.46,81.2,86.02,0,,-2.638216504,,
1917-10-31,83.58,74.5,74.5,83.58,0,,-3.342546585,,
1917-11-30,71.41,72.65,68.58,74.23,0,,-3.767109137,,
1917-12-31,72.55,74.38,65.95,74.38,0,,-3.757009312,,
1918-01-31,76.68,79.8,73.38,79.8,0,,-3.230950816,,
1918-02-28,79.28,80.39,77.78,82.08,0,,-2.709951601,,
1918-03-31,79.93,76.41,76.41,79.93,0,,-2.504905281,,
1918-04-30,77.16,77.51,75.58,79.42,0,,-2.178738064,,
1918-05-31,78.16,78.08,78.08,84.04,0,,-1.822610417,,
1918-06-30,78.55,82.58,78.53,83.02,0,,-1.211415435,,
1918-07-31,81.81,81.23,80.51,82.96,0,,-0.842961314,,
1918-08-31,80.71,82.46,80.71,83.18,0,,-0.479396582,,
1918-09-30,83.84,84.68,80.29,84.68,0,,-0.07368296,,
1918-10-31,83.95,85.51,83.36,89.07,0,,0.248641976,,
1918-11-30,85.53,80.93,79.87,87.66,0,,0.155983428,,
1918-12-31,81.13,82.2,80.44,84.5,0,,0.181056401,,
1919-01-31,82.6,80.61,79.88,83.35,0,,0.095675661,,
1919-02-28,80.91,84.81,79.35,85.68,0,,0.314826682,,
1919-03-31,85.58,88.85,84.24,89.05,0,,0.702435673,,
1919-04-30,88.84,92.88,88.84,93.51,0,,1.173072583,,
1919-05-31,93.26,105.5,93.26,105.5,0,,2.216598282,,
1919-06-30,106.92,106.98,99.56,107.55,0,,2.848515382,,
1919-07-31,108.13,107.16,107.16,112.23,0,,3.099862743,,
1919-08-31,107.99,104.75,98.46,107.99,0,,2.927147356,,
1919-09-30,106.26,111.42,105.84,111.42,0,,3.070484508,,
1919-10-31,111.12,118.92,108.9,118.92,0,,3.450373702,,
1919-11-30,119.62,103.72,103.72,119.62,0,,2.502089647,,
1919-12-31,104.03,107.23,103.55,107.97,0,,1.959368669,,
1920-01-31,108.76,104.21,101.9,108.85,0,,1.278101958,,
1920-02-29,103.01,91.18,89.98,103.01,0,,-0.096017274,,
1920-03-31,92.4,102.81,91.68,104.17,0,,-0.258407011,,
1920-04-30,102.66,93.54,93.16,105.65,0,,-0.985995649,,
1920-05-31,94.03,91.81,87.36,94.41,0,,-1.546266141,,
1920-06-30,90.2,90.76,90.16,93.06,0,,-1.925374291,,
1920-07-31,91.26,86.86,86.86,94.51,0,,-2.348551944,,
1920-08-31,84.95,86.16,83.2,87.29,0,,-2.567598486,,
1920-09-30,86.34,82.95,82.95,89.95,0,,-2.80154708,,
1920-10-31,84,85.08,84,85.73,0,,-2.685400403,,
1920-11-30,85.48,76.04,73.12,85.48,0,,-3.062632128,,
1920-12-31,76.5,71.95,66.75,77.3,0,,-3.406450972,,
1921-01-31,72.67,76.13,72.67,76.76,0,,-3.175767647,,
1921-02-28,75.48,74.98,74.34,77.14,0,,-2.930000224,,
1921-03-31,74.71,75.76,72.25,77.78,0,,-2.557815762,,
1921-04-30,75.72,78.57,75.06,78.86,0,,-1.990526436,,
1921-05-31,79.65,73.44,73.44,80.03,0,,-1.832862844,,
1921-06-30,73.51,68.45,64.9,73.51,0,,-1.927097773,,
1921-07-31,68.35,68.37,67.25,69.86,0,,-1.856540889,,
1921-08-31,69.68,67.11,63.9,69.95,0,,-1.75746781,,
1921-09-30,66.83,71.08,66.83,71.72,0,,-1.3079429,,
1921-10-31,71.61,73.21,69.46,73.8,0,,-0.776769845,,
1921-11-30,73.44,77.3,73.44,78.01,0,,-0.095413247,,
1921-12-31,78.12,80.8,78.12,81.5,0,,0.606922691,,
1922-01-31,78.91,81.3,78.59,82.95,0,,1.092754173,,
1922-02-28,81.68,85.46,81.68,85.81,0,,1.648498807,,
1922-03-31,85.33,89.05,85.33,89.05,0,,2.17879727,,
1922-04-30,90.05,91.93,89.3,93.21,0,,2.615070981,,
1922-05-31,93.35,95.63,91.5,96.41,0,,3.01591182,,
1922-06-30,96.03,92.93,90.73,96.36,0,,2.95822436,,
1922-07-31,92.92,97.05,92.92,97.05,0,,3.044658394,,
1922-08-31,96.25,100.78,96.21,100.78,0,,3.185065691,,
1922-09-30,101.28,97.12,96.58,102.05,0,,2.873070057,,
1922-10-31,97.67,96.11,96.11,102.76,0,,2.456440858,,
1922-11-30,96.23,94.65,92.03,99.53,0,,1.961753085,,
1922-12-31,95.73,98.17,95.03,99.22,0,,1.757412793,,
1923-01-31,98.77,97.43,96.96,99.42,0,,1.469899787,,
1923-02-28,97.71,103.9,97.71,103.9,0,,1.602102799,,
1923-03-31,104.23,102.77,102.36,105.38,0,,1.501779618,,
1923-04-30,101.51,98.38,98.38,102.7,0,,1.049504187,,
1923-05-31,97.4,97.53,92.77,98.19,0,,0.623863427,,
1923-06-30,95.36,88.4,88.4,97.24,0,,-0.292602611,,
1923-07-31,88.95,86.91,86.91,91.72,0,,-0.98043191,,
1923-08-31,87.96,93.46,87.96,93.7,0,,-0.973570362,,
1923-09-30,92.25,87.97,87.94,93.61,0,,-1.297795451,,
1923-10-31,88.06,88.53,85.91,90.45,0,,-1.42348801,,
1923-11-30,88.41,92.34,88.41,92.88,0,,-1.207503391,,
1923-12-31,92.64,95.52,92.64,95.61,0,,-0.826137389,,
1924-01-31,95.65,100.66,94.88,100.66,0,,-0.234139822,,
1924-02-29,100.7,97.22,96.33,101.31,0,,-0.088177864,,
1924-03-31,97.1,93.01,92.54,98.86,0,,-0.278372578,,
1924-04-30,93.5,90.63,89.18,94.69,0,,-0.551872668,,
1924-05-31,92.12,89.9,88.33,92.47,0,,-0.756692652,,
1924-06-30,90.15,96.37,89.18,96.37,0,,-0.44651644,,
1924-07-31,96.45,102.14,96.38,102.14,0,,0.126534798,,
1924-08-31,102.12,104.14,101.51,105.57,0,,0.593429726,,
1924-09-30,104.95,103.16,101.07,104.95,0,,0.777783347,,
1924-10-31,104.08,104.06,99.18,104.08,0,,0.893585912,,
1924-11-30,103.89,111.1,103.89,111.1,0,,1.350155234,,
1924-12-31,110.44,120.51,110.44,120.51,0,,2.144547025,,
1925-01-31,121.25,123.49,119.46,123.6,0,,2.69380063,,
1925-02-28,120.46,122.24,117.96,122.86,0,,2.784525153,,
1925-03-31,123.93,116.75,115,125.68,0,,2.306163211,,
1925-04-30,118.07,120.01,117.4,121.54,0,,2.049333766,,
1925-05-31,121.1,129.95,121.1,129.95,0,,2.366451172,,
1925-06-30,129.69,131.01,126.75,131.01,0,,2.45458905,,
1925-07-31,131.76,133.81,131.33,136.5,0,,2.500034893,,
1925-08-31,135.81,141.18,135.71,143.18,0,,2.802288487,,
1925-09-30,139.78,143.46,137.22,147.16,0,,2.918440681,,
1925-10-31,144.77,155.65,144.77,155.65,0,,3.537640565,,
1925-11-30,157.88,151.08,148.18,159.39,0,,3.36203447,,
1925-12-31,152.11,156.66,152.11,157.01,0,,3.337551477,,
1926-01-31,158.75,157.35,153.2,158.93,0,,3.089397626,,
1926-02-28,156.83,154.68,154.68,162.31,0,,2.492591137,,
1926-03-31,150.9,140.46,135.2,153.13,0,,0.965766373,,
1926-04-30,140.35,143.71,136.27,144.55,0,,0.048756261,,
1926-05-31,140.53,143.43,137.16,143.43,0,,-0.663350136,,
1926-06-30,142.3,153.04,142.3,154.03,0,,-0.577028455,,
1926-07-31,153.01,160.18,153.01,160.58,0,,-0.151107114,,
1926-08-31,161.84,162.51,160.41,166.14,0,,0.158722656,,
1926-09-30,163.93,158.19,156.26,166.1,0,,-0.045202536,,
1926-10-31,159.69,150.76,145.66,159.69,0,,-0.758819198,,
1926-11-30,150.51,156.55,150.51,157.37,0,,-0.909092617,,
1926-12-31,157.31,157.2,156.65,160.75,0,,-1.02434661,,
1927-01-31,155.16,156.41,152.73,156.56,0,,-1.201172043,,
1927-02-28,156.26,161.96,154.31,161.96,0,,-0.999978077,,
1927-03-31,161.42,160.08,158.41,161.78,0,,-1.044281886,,
1927-04-30,160.71,164.64,160.71,167.36,0,,-0.826770581,,
1927-05-31,164.55,172.96,164.55,172.96,0,,-0.214722143,,
1927-06-30,171.98,166.23,165.73,171.98,0,,-0.347436509,,
1927-07-31,168.06,181.4,168.06,181.4,0,,0.458402049,,
1927-08-31,184.21,189.79,177.13,190.63,0,,1.376535458,,
1927-09-30,191.56,197.59,191.56,198.97,0,,2.276133208,,
1927-10-31,199.78,181.73,181.43,199.78,0,,1.601841072,,
1927-11-30,181.65,198.21,181.65,198.21,0,,2.036625083,,
1927-12-31,196.58,200.7,193.58,200.93,0,,2.246313442,,
1928-01-31,203.35,198.59,194.5,203.35,0,,2.005242942,,
1928-02-29,197.98,194.78,191.33,199.35,0,,1.381222452,,
1928-03-31,194.81,213.35,194.53,214.45,0,,1.974979743,,
1928-04-30,209.33,211.63,207.94,216.93,0,,2.001529041,,
1928-05-31,213.48,219.81,211.73,220.88,0,,2.29840458,,
1928-06-30,220.27,210.55,201.96,220.96,0,,1.630934079,,
1928-07-31,208.21,216,205.1,216.62,0,,1.329060674,,
1928-08-31,216.78,240.41,214.08,240.41,0,,2.479114857,,
1928-09-30,240.38,239.43,236.86,241.72,0,,2.852940495,,
1928-10-31,238.2,252.2,233.6,260.4,0,,3.59163501,,
1928-11-30,252.2,293.4,251.6,299.4,0,,6.326448801,,
1928-12-31,293.4,300,254.4,301.6,0,,7.9465176,,
1929-01-31,300.3,317.5,292.9,320,0,,9.460459966,,
1929-02-28,317.5,317.4,293.4,324.5,0,,9.683767793,,
1929-03-31,317.8,308.9,281.5,324.4,0,,8.528285089,,
1929-04-30,304.2,319.3,294.1,321.1,0,,7.755891663,,
1929-05-31,319.3,297.4,290,331,0,,5.185113528,,
1929-06-30,297.4,333.8,296.5,335.3,0,,5.330659013,,
1929-07-31,333.8,347.7,332.2,350.3,0,,5.723066698,,
1929-08-31,347.7,380.3,336.1,384,0,,7.429978456,,
1929-09-30,380.3,343.5,341,386.1,0,,5.425436472,,
1929-10-31,343.5,273.5,212.3,358.8,0,,-0.931403516,,
1929-11-30,269.8,239,195.4,269.8,0,,-7.415293598,,
1929-12-31,239,248.5,226.4,267.6,0,,-10.81404182,,
1930-01-31,248.5,267.1,241.8,268.7,0,,-11.49552677,,
1930-02-28,267.1,271.1,259.8,275,15931940,,-11.34369644,,
1930-03-31,271.1,286.1,268.9,289.1,23552934,,-9.94967054,,
1930-04-30,286.1,279.2,272.2,297.3,26980152,,-9.225067199,,
1930-05-31,279.2,275.1,249.8,282,19090377,,-8.758314599,,
1930-06-30,275.1,226.3,207.7,276.9,19557293,,-11.31033339,,
1930-07-31,226.3,234,214.6,243.7,11561056,,-11.98920202,,
1930-08-31,234,240.4,214.5,241.4,9844062,,-11.51406616,,
1930-09-30,240.4,204.9,202,247.2,12860751,,-12.98824726,,
1930-10-31,205.9,183.4,181.5,216.9,16238436,,-14.68389333,,
1930-11-30,183.4,183.39,168.3,191.3,14094314,,-15.02455163,,
1930-12-31,183.4,164.6,154.5,188,14279729,,-15.6623237,,
1931-01-31,164.6,167.6,160.1,175.7,10658020,,-15.02660337,,
1931-02-28,167.6,189.7,165.6,197,15844781,,-12.37284213,,
1931-03-31,189.7,172.4,170.6,191.9,15868871,,-11.07954224,,
1931-04-30,172.4,151.2,141.8,174.7,13345442,,-10.93038645,,
1931-05-31,151.2,128.5,127.3,156.2,11714435,,-11.57699096,,
1931-06-30,128.4,150.2,119.9,157.9,14402256,,-9.828575935,,
1931-07-31,150.2,135.4,133.7,156.7,8238494,,-8.977607298,,
1931-08-31,135.4,139.4,132.6,146.4,6261201,,-7.513515987,,
1931-09-30,139.4,96.6,95.8,140.5,12261203,,-8.711423192,,
1931-10-31,96.6,105.4,85.5,110.5,12360091,,-8.202176672,,
1931-11-30,105.4,93.9,89.3,119.2,8810888,,-7.926418969,,
1931-12-31,93.4,77.9,71.8,93.4,11926014,,-8.080576783,,
1932-01-31,77.9,76.2,69.9,87.8,8653085,,-7.565106246,,
1932-02-29,76.3,81.4,70.6,89.8,7502165,,-6.19936316,,
1932-03-31,81.4,73.3,72.5,89.9,7826077,,-5.206925548,,
1932-04-30,73.3,56.1,55.3,74.4,7991729,,-5.0693669,,
1932-05-31,56.1,44.7,44.3,60,5598496,,-5.093144313,,
1932-06-30,44.7,42.8,42.3,51.4,5555999,,-4.59892148,,
1932-07-31,42.8,54.3,40.6,54.7,5741052,,-2.940295538,,
1932-08-31,54.3,73.2,52.4,77,19920449,,-0.159839957,,
1932-09-30,73.2,71.6,64.3,81.4,16891941,,1.87010283,,
1932-10-31,71.6,61.9,57.7,72.6,7415460,,2.802040364,,
1932-11-30,61.6,56.4,55.9,68.9,5669776,,3.258563543,,
1932-12-31,56.4,59.9,55,62.9,5847338,,3.960106563,,
1933-01-31,59.9,60.9,58.9,65.3,4560000,,4.609877186,,
1933-02-28,60.9,51.4,49.7,60.9,4703061,,4.512543511,,
1933-03-31,51.4,55.4,50.3,64.6,4998947,,4.803295189,,
1933-04-30,55.4,77.7,55,78.2,12482255,,6.478965132,,
1933-05-31,77.7,88.1,75.6,91.3,24918047,,8.160636554,,
1933-06-30,88.1,98.1,86.5,100.5,31052753,,9.713786785,,
1933-07-31,99.2,90.8,84.5,110.5,29815938,,9.978778452,,
1933-08-31,90.8,102.4,89.6,105.6,9572935,,10.60589618,,
1933-09-30,102.4,94.8,92.4,107.7,10840601,,10.17764083,,
1933-10-31,94.8,88.2,82.2,100.6,9791729,,9.150968693,,
1933-11-30,88.2,98.1,86.8,101.9,8526859,,8.835174905,,
1933-12-31,98.4,99.9,93.7,104,8704332,,8.444440097,,
1934-01-31,99.9,107.2,96.3,110.1,13216548,,8.358967238,,
1934-02-28,107.9,103.5,102.2,111.9,14131777,,7.748261205,,
1934-03-31,103.5,101.9,97.4,106.4,7395885,,6.956720651,,
1934-04-30,101.9,100.5,100.3,107,7327669,,6.090238147,,
1934-05-31,100.5,94,89.1,101.4,6187218,,4.882854955,,
1934-06-30,93.7,95.7,90.9,101.1,4072870,,4.037270666,,
1934-07-31,95.7,88.1,84.6,99.4,5231908,,2.860075818,,
1934-08-31,88.6,92.9,86.3,96,4121958,,2.321564733,,
1934-09-30,92.9,92.6,85.7,94.1,3252994,,1.880836498,,
1934-10-31,92.2,93.4,89.8,96.4,3917413,,1.590412986,,
1934-11-30,93.4,102.9,92.8,103.5,4992219,,1.961010843,,
1934-12-31,102.9,104,98.9,104.5,5898587,,2.185958821,,
1935-01-31,104,101.7,99.5,106.7,4752360,,2.085861832,,
1935-02-28,101.7,102.4,100,108.3,3474459,,1.973979094,,
1935-03-31,102.4,100.8,96,103.7,4049775,,1.709294632,,
1935-04-30,100.8,109.5,99.8,111.5,5296060,,2.016138315,,
1935-05-31,109.5,110.6,107.8,117.6,7463457,,2.175510082,,
1935-06-30,110.2,118.2,108.6,121.3,5648841,,2.643951164,,
1935-07-31,118.2,126.2,117.8,127,7196572,,3.301055417,,
1935-08-31,126.2,127.9,124.3,130,10607821,,3.632388544,,
1935-09-30,127.9,131.9,126.4,135.3,8554380,,3.880667289,,
1935-10-31,131.9,139.7,127,142.1,11246165,,4.297536271,,
1935-11-30,140.1,142.4,140,149.4,14493421,,4.462956346,,
1935-12-31,142.4,144.1,138.3,145.1,11078796,,4.388111881,,
1936-01-31,144.1,149.5,141.6,150,16200270,,4.392721688,,
1936-02-29,149.5,152.2,148.3,155.7,14949654,,4.264570647,,
1936-03-31,152.2,156.3,149.7,159.9,12529174,,4.139550477,,
1936-04-30,157,145.7,141.5,163.1,9636361,,3.07549191,,
1936-05-31,145.7,152.6,144.2,153.6,5345862,,2.588441425,,
1936-06-30,152.6,157.7,148.5,161.2,5382405,,2.367809042,,
1936-07-31,157.7,164.9,154.9,168.2,8233535,,2.454348655,,
1936-08-31,164.9,166.3,160.5,170.2,6766918,,2.353144769,,
1936-09-30,166.3,167.8,164.8,170.7,7362584,,2.140590643,,
1936-10-31,167.8,177.2,167.5,178.4,10827429,,2.368667488,,
1936-11-30,177.2,183.2,175.4,186.4,12472169,,2.638588393,,
1936-12-31,183.2,179.9,175.3,183.6,11646768,,2.321068496,,
1937-01-31,179.9,185.7,177,187.8,14823610,,2.227447558,,
1937-02-28,185.7,187.3,184.9,191.4,12388604,,2.005958922,,
1937-03-31,187.3,186.4,179.3,195.6,12433623,,1.551819945,,
1937-04-30,186.4,174.3,168.8,186.6,8473082,,0.257372212,,
1937-05-31,174.3,174.7,166.2,176.9,4855940,,-0.698773488,,
1937-06-30,172.7,169.3,163.3,175.7,4053386,,-1.761305094,,
1937-07-31,169.3,185.6,169.1,185.9,5193836,,-1.445959985,,
1937-08-31,185.6,177.4,175.1,190.4,4263157,,-1.843756487,,
1937-09-30,176.1,154.6,146.2,176.1,7940481,,-3.595218782,,
1937-10-31,154.6,138.2,115.8,155.1,12979304,,-5.686690744,,
1937-11-30,137,123.5,112.5,137,7050551,,-7.760184616,,
1937-12-31,123.5,120.9,117.7,131.2,6794436,,-8.92383343,,
1938-01-31,120.9,121.9,118.9,135,5871878,,-9.206125785,,
1938-02-28,122.7,129.6,117.1,132.9,3547400,,-8.472641783,,
1938-03-31,129.6,99,97.5,131,5350826,,-9.565844943,,
1938-04-30,101,111.3,101,121.5,3953415,,-8.987092437,,
1938-05-31,110.6,107.7,106.4,120.3,3424961,,-8.384947128,,
1938-06-30,107.7,133.9,107.6,138.2,5801053,,-5.878827742,,
1938-07-31,133.9,141.3,133.5,146.3,9946195,,-3.497082252,,
1938-08-31,141,139.3,135.4,146.3,5023758,,-1.910062428,,
1938-09-30,139.3,141.5,127.9,143.4,5658948,,-0.631967849,,
1938-10-31,141.6,151.7,141.6,155.4,10155973,,0.897480235,,
1938-11-30,151.7,149.8,145.2,158.9,6951067,,1.730056358,,
1938-12-31,149.8,154.8,146.4,155.1,6938886,,2.518600354,,
1939-01-31,154.8,143.8,136.1,155.5,6166934,,2.211386064,,
1939-02-28,143.5,147.3,141.9,148.2,3279825,,2.15379232,,
1939-03-31,147.3,131.8,131.4,152.7,5794736,,1.038230516,,
1939-04-30,131.8,128.5,120,135.6,4644813,,0.094243583,,
1939-05-31,128.5,138.2,127.5,139.2,3193536,,0.136696639,,
1939-06-30,137.4,130.6,129,140.8,2984933,,-0.309151433,,
1939-07-31,130.6,143.3,130.5,145.7,4607278,,0.258518095,,
1939-08-31,143.3,134.4,128.6,145.8,4280752,,0.052631892,,
1939-09-30,134.4,152.5,127.5,157.8,13998767,,1.095645801,,
1939-10-31,152.4,151.9,148.7,156,5896332,,1.670882082,,
1939-11-30,151.9,145.7,144.9,153.5,4444239,,1.561582375,,
1939-12-31,145.7,150.2,145.5,150.8,4486466,,1.708248285,,
1940-01-31,150.5,145.3,143.1,153.3,3932120,,1.403880532,,
1940-02-29,145.3,146.5,144.7,150,3303177,,1.218857099,,
1940-03-31,146.5,148,145.1,149.5,3981114,,1.134702885,,
1940-04-30,148,148.4,145.9,152.1,6568423,,1.045397399,,
1940-05-31,148.1,116.2,110.5,148.7,9588272,,-1.125293776,,
1940-06-30,116.2,121.9,110.4,125.3,4072964,,-2.065511728,,
1940-07-31,121.8,126.1,120.1,127.2,1823189,,-2.276223902,,
1940-08-31,126.1,129.4,120.9,129.6,1891578,,-2.070898027,,
1940-09-30,129.4,132.6,127.2,135.5,2992693,,-1.617232858,,
1940-10-31,133,134.6,129.5,135.9,3478650,,-1.104590502,,
1940-11-30,134.6,131,129.1,138.8,5236737,,-0.936717281,,
1940-12-31,131,131.1,127.8,133,4339037,,-0.755478541,,
1941-01-31,131.1,124.1,123.9,134.3,3301913,,-1.026746911,,
1941-02-28,124,122,117.4,125.3,2162163,,-1.25237092,,
1941-03-31,122,122.7,120,124.4,2519549,,-1.256014478,,
1941-04-30,122.9,115.5,115.3,125.3,2781744,,-1.621630821,,
1941-05-31,115.5,115.8,114.8,118.5,2424723,,-1.712629978,,
1941-06-30,115.8,123.1,115.5,125.1,2651278,,-1.176106999,,
1941-07-31,123.1,128.8,122.5,131.1,4435669,,-0.373818401,,
1941-08-31,128.7,127.7,124.7,128.7,2780750,,0.119881539,,
1941-09-30,127.8,126.8,125.3,130,3397623,,0.406773818,,
1941-10-31,126.8,117.8,117.4,127.2,3226828,,0.031153498,,
1941-11-30,117.8,114.2,114,120.3,3834002,,-0.395481867,,
1941-12-31,114.2,111,105.5,117.5,8788333,,-0.805299095,,
1942-01-31,111,109.1,108.3,115,3488100,,-1.098293341,,
1942-02-28,109.1,106.8,104.7,111,1951217,,-1.325729795,,
1942-03-31,106.5,99.5,98.3,107.2,2099098,,-1.816220014,,
1942-04-30,99.5,95.4,92.7,102.8,1860630,,-2.237518872,,
1942-05-31,95.4,100.9,95.1,101.5,1779700,,-1.975615411,,
1942-06-30,101,103.3,100.9,106.6,1850076,,-1.492555317,,
1942-07-31,103.3,105.7,102.3,109.5,2064812,,-0.892799501,,
1942-08-31,105.7,106.3,104.5,107.9,1875338,,-0.364178184,,
1942-09-30,106.3,109.1,105.6,110,2350375,,0.233375102,,
1942-10-31,109.2,114.1,109.2,116,3926978,,0.98267583,,
1942-11-30,114.1,114.5,113.5,118.2,3322899,,1.492008362,,
1942-12-31,114.5,119.4,114.1,120.2,4716093,,2.108012324,,
1943-01-31,119.5,125.6,118.8,125.8,4553321,,2.836742302,,
1943-02-28,125.6,130.1,124.7,130.4,5945954,,3.482969996,,
1943-03-31,130.1,136.6,127.9,137.2,8988269,,4.163307467,,
1943-04-30,136.6,135.5,129.8,137.5,8326557,,4.334856606,,
1943-05-31,135.5,142.1,135.4,142.2,8713983,,4.660030182,,
1943-06-30,142.1,143.4,138.1,143.7,5724994,,4.715591675,,
1943-07-31,143.4,136,135.5,146.4,6602884,,4.033291448,,
1943-08-31,136,136.6,133.9,138.8,3540905,,3.425629719,,
1943-09-30,136.7,140.1,136.4,142.5,3619038,,3.073868108,,
1943-10-31,140.1,138.3,135.9,140.6,3516724,,2.555700074,,
1943-11-30,138.3,129.6,128.9,139,4585840,,1.514228104,,
1943-12-31,129.8,135.9,129.8,136.7,4667368,,1.153168772,,
1944-01-31,135.9,137.4,135.5,138.9,4291578,,0.928553135,,
1944-02-29,137.4,136.3,134.1,137.7,4182587,,0.633190199,,
1944-03-31,136.3,138.8,135.9,141.4,6753383,,0.537268061,,
1944-04-30,138.8,136.2,134.8,139.5,3606497,,0.244685321,,
1944-05-31,136.2,142.2,136.2,142.4,4219399,,0.392451417,,
1944-06-30,142.2,148.4,140.9,149.2,9179548,,0.820342547,,
1944-07-31,148.4,146.1,145.3,150.9,7308633,,0.857059991,,
1944-08-31,146.1,147,144.5,149.3,4913231,,0.84893567,,
1944-09-30,147,146.7,142.5,147.5,3951880,,0.734615197,,
1944-10-31,146.7,146.5,145.3,149.2,4340209,,0.56443333,,
1944-11-30,146.5,147.3,145.2,148.4,4357893,,0.430691046,,
1944-12-31,147.3,152.3,146.8,153,7518228,,0.593851933,,
1945-01-31,152.3,153.7,150.5,156.7,9598143,,0.703455714,,
1945-02-28,153.7,160.4,153.2,160.9,8194394,,1.110375628,,
1945-03-31,160.4,154.4,151.7,162.2,6979761,,0.869301018,,
1945-04-30,154.5,165.4,154.5,165.7,6838647,,1.317632496,,
1945-05-31,165.4,168.3,162.6,169.5,7749023,,1.65464185,,
1945-06-30,168.3,165.3,163.8,169.6,10253683,,1.523914585,,
1945-07-31,165.4,162.9,160,167.8,4509024,,1.141689297,,
1945-08-31,162.9,174.3,161.1,174.5,4887970,,1.499948421,,
1945-09-30,174.3,181.7,173.2,181.9,6189023,,2.044858954,,
1945-10-31,181.9,186.6,181.9,187.6,8415342,,2.513989055,,
1945-11-30,187,191.5,185.8,193,9950377,,2.905298986,,
1945-12-31,191.5,192.9,187.5,196.6,8538678,,2.997336041,,
1946-01-31,192.7,204.7,189.8,206.6,12394231,,3.553842089,,
1946-02-28,204.7,190.1,184.1,207.5,8193653,,2.679409087,,
1946-03-31,190.1,199.8,186.8,201.9,6561655,,2.49859275,,
1946-04-30,199.8,206.8,198.5,209.4,7762916,,2.5839981,,
1946-05-31,206.6,212.3,199.3,213.4,7232030,,2.730173007,,
1946-06-30,212.3,205.6,199,212.5,4899249,,2.12197625,,
1946-07-31,205.8,201.6,194.3,208.6,4646617,,1.240307906,,
1946-08-31,201.6,189.2,187.3,205,4696241,,-0.305443907,,
1946-09-30,188.2,172.4,164.1,188.2,9807519,,-2.466501062,,
1946-10-31,172.4,169.2,160.5,177.1,7402107,,-4.026391614,,
1946-11-30,169.5,169.8,162.3,175.8,6167459,,-4.876026463,,
1946-12-31,169.1,177.2,166.2,178.6,7290677,,-4.790873969,,
1947-01-31,177.2,180.4,170.1,181.3,5723279,,-4.381393531,,
1947-02-28,180.4,178.9,176.3,185,5735099,,-4.080053199,,
1947-03-31,178.9,177.2,171.9,182.5,4879848,,-3.865754015,,
1947-04-30,177.2,170.6,165.4,178.3,5061655,,-4.021140172,,
1947-05-31,170.6,169.3,161.4,175.1,5091429,,-4.052693728,,
1947-06-30,168.7,177.3,167.4,178.1,3942856,,-3.402236138,,
1947-07-31,177.5,183.2,177.5,187.7,5742856,,-2.484667945,,
1947-08-31,183.2,178.9,176.5,184.4,3196239,,-2.093057552,,
1947-09-30,178.9,177.5,174,180.6,3615789,,-1.861794457,,
1947-10-31,177.5,181.8,176.9,186.2,7176538,,-1.375153044,,
1947-11-30,182,179.4,178.9,184,4359446,,-1.178400092,,
1947-12-31,179.4,181.2,175.2,181.8,6747968,,-0.902937726,,
1948-01-31,181.2,175.1,170.7,181.7,5105415,,-1.094683583,,
1948-02-29,174.92,167.3,164.1,176.1,5415209,,-1.675209891,,
1948-03-31,167.5,177.2,165,177.6,5468660,,-1.335593315,,
1948-04-30,177.2,180.5,176,184.5,8549776,,-0.85520476,,
1948-05-31,180.5,190.7,179.5,192.3,10300149,,0.130525247,,
1948-06-30,190.7,189.5,186.6,194.5,6978945,,0.65350103,,
1948-07-31,189.5,181.3,179.6,192.4,5548874,,0.410803066,,
1948-08-31,181.3,181.7,177.4,184.5,3394737,,0.248813867,,
1948-09-30,181.7,178.3,175.8,185.6,4163909,,-0.097171122,,
1948-10-31,178.3,188.6,178.2,190.9,5198345,,0.334179466,,
1948-11-30,188.6,171.2,170.4,190.5,7221276,,-0.538374127,,
1948-12-31,171.7,177.3,171.7,179.2,6742104,,-0.681506737,,
1949-01-31,177,179.1,174.4,182.5,4744509,,-0.632811819,,
1949-02-28,179.1,173.1,170.6,180.9,4066196,,-0.962771263,,
1949-03-31,173.4,177.1,172.6,179.2,5152332,,-0.872395918,,
1949-04-30,177,174.2,172.3,177.8,5020151,,-0.961654008,,
1949-05-31,174.2,168.4,168.1,177.2,4470225,,-1.341703221,,
1949-06-30,168.4,167.4,160.6,169,4012781,,-1.574709068,,
1949-07-31,167.4,175.9,166.9,177,4236091,,-1.093479544,,
1949-08-31,175.9,178.7,175.7,182.7,4917293,,-0.551076395,,
1949-09-30,178.7,182.5,177.6,184.1,5379697,,0.066309204,,
1949-10-31,182.2,189.5,180.9,191.4,7530225,,0.90239337,,
1949-11-30,189.5,191.6,187,194.4,6925714,,1.516961358,,
1949-12-31,191.6,200.1,191.1,200.9,9616241,,2.365446214,,
1950-01-31,200.1,201.8,193.9,202.9,10420602,,2.876715208,,
1950-02-28,201.8,203.4,200.6,205.4,8358082,,3.136883886,,
1950-03-31,203.4,206.1,201.1,211.2,9806165,,3.289079115,,
1950-04-30,206.1,214.3,205.7,216.3,12083005,,3.709121027,,
1950-05-31,214.3,223.4,214.1,224.2,11311579,,4.32400682,,
1950-06-30,223.4,209.1,206,229.2,10299247,,3.525595035,,
1950-07-31,209.1,209.4,195.4,212.2,10053383,,2.80691212,,
1950-08-31,209.6,216.9,209.6,222.2,8774437,,2.628965921,,
1950-09-30,217.1,226.4,217.1,228.2,8704510,,2.920914636,,
1950-10-31,228.94,225,223.6,232.8,15163702,,2.789810055,,
1950-11-30,225,227.6,220.6,236.6,10521833,,2.649328697,,
1950-12-31,227.6,235.4,221.3,236.5,14685565,,2.836147917,,
1951-01-31,235.4,248.8,234.9,250.6,17509807,,3.569234189,,
1951-02-28,248.8,252.1,247,257.1,10396671,,3.953587061,,
1951-03-31,252.1,247.9,242.1,254.4,9090766,,3.611568678,,
1951-04-30,247.8,259.1,245,260.8,8513233,,3.806764561,,
1951-05-31,259.1,249.7,241.9,264.4,9706465,,3.005123186,,
1951-06-30,249.7,242.6,240.7,255.2,8169927,,1.760638239,,
1951-07-31,242.6,257.9,241.1,262.2,6313535,,1.729328296,,
1951-08-31,257.9,270.3,256.8,271.6,7585714,,2.271041548,,
1951-09-30,270.3,271.2,269.1,277.5,8215035,,2.404437835,,
1951-10-31,271.2,262.4,256.4,277.3,10496573,,1.650404567,,
1951-11-30,262.4,261.3,254.9,265.8,6503191,,0.867309722,,
1951-12-31,261.6,269.2,261.6,270,7736031,,0.679432968,,
1952-01-31,269.2,270.7,266.3,276.3,9150695,,0.46449458,,
1952-02-29,270.7,260.1,257.4,272.9,6996561,,-0.529390501,,
1952-03-31,260.1,269.5,259,270.4,7375487,,-0.681843315,,
1952-04-30,269.5,257.6,257,269.8,7322527,,-1.656673038,,
1952-05-31,257.4,262.9,254.7,265.2,6028871,,-1.994410779,,
1952-06-30,262.9,274.3,260.8,275,5758647,,-1.521293424,,
1952-07-31,274.3,279.6,271.7,280.3,5436091,,-0.95056981,,
1952-08-31,279.6,275,272.3,281.5,4712030,,-0.97821509,,
1952-09-30,275.1,270.6,267.1,278.2,5436090,,-1.364464107,,
1952-10-31,270.6,269.2,262,272.4,5851129,,-1.760668306,,
1952-11-30,269.2,283.7,268.8,284.7,6814285,,-1.123628767,,
1952-12-31,283.7,291.9,280.7,293.5,9130826,,-0.27185704,,
1953-01-31,291.9,289.8,284.3,295.1,7682707,,0.01315106,,
1953-02-28,289.8,284.3,279.7,290.9,6805262,,-0.289027928,,
1953-03-31,284.3,279.9,277.6,292,9588721,,-0.872545501,,
1953-04-30,279.9,274.8,269.3,281.8,7752633,,-1.64449535,,
1953-05-31,274.8,272.3,270.7,280,5803760,,-2.32440995,,
1953-06-30,272.3,268.3,260.8,272.6,5882707,,-3.001425087,,
1953-07-31,268.3,275.4,267,275.9,5016542,,-2.925915721,,
1953-08-31,275.4,261.2,260.8,278.3,5388721,,-3.735344387,,
1953-09-30,261.2,264,254.4,266.6,6124058,,-3.963589589,,
1953-10-31,264,275.8,262.5,277,5799248,,-3.232202467,,
1953-11-30,275.8,281.4,273,282.5,6009023,,-2.32597959,,
1953-12-31,281.4,280.9,275.9,285.2,8154134,,-1.74166512,,
1954-01-31,280.9,292.4,278.9,294.6,7538347,,-0.619965762,,
1954-02-28,292.4,294.5,287.4,295.4,7502256,,0.181281688,,
1954-03-31,294.5,303.5,294.2,305.2,9936089,,1.179602078,,
1954-04-30,303.5,319.3,301.7,321.7,10277593,,2.680381925,,
1954-05-31,319.3,327.5,316.5,328.9,9451128,,3.926296889,,
1954-06-30,327.5,333.5,315.7,338.8,9525564,,4.797806876,,
1954-07-31,333.5,347.9,330.7,349.2,11693233,,5.914094287,,
1954-08-31,347.9,335.8,333.2,352.3,12834587,,5.420638305,,
1954-09-30,335.8,360.5,335,366,9297746,,6.280229427,,
1954-10-31,360.5,352.1,350.7,366.4,9963156,,5.816144487,,
1954-11-30,352.1,386.8,350.2,391.2,14212783,,7.284018276,,
1954-12-31,386.8,404.4,381.8,407.2,17251127,,8.777974196,,
1955-01-31,404.4,408.8,385.7,412.5,16838346,,9.347562311,,
1955-02-28,408.8,411.9,403.5,416.6,13716541,,9.203647896,,
1955-03-31,411.9,409.7,387.5,421.8,14837592,,8.260857556,,
1955-04-30,409.8,425.7,409.8,432.8,12133084,,8.009423206,,
1955-05-31,425.7,424.9,412.6,428.3,10774734,,7.114106153,,
1955-06-30,424.9,451.4,422.5,453.5,13109773,,7.588157631,,
1955-07-31,451.4,465.9,449.5,471.7,10933086,,8.112545302,,
1955-08-31,465.9,468.2,445.7,469.5,9428571,,7.843927823,,
1955-09-30,468.2,466.6,446.7,489.9,13551881,,6.825584666,,
1955-10-31,465.4,454.9,433.2,465.4,9507518,,4.730595916,,
1955-11-30,454.9,483.3,452.1,490.8,10457142,,4.618915673,,
1955-12-31,483.3,488.4,478.3,490.6,11501501,,4.258710232,,
1956-01-31,488.4,470.7,458.2,490.9,10637595,,2.296867379,,
1956-02-29,470.7,483.7,463.9,491.1,10459400,,1.387959522,,
1956-03-31,483.7,511.8,483.6,515.9,13603757,,2.147140658,,
1956-04-30,511.8,516.1,501,524.4,12203007,,2.388295962,,
1956-05-31,516.1,478.1,463.9,519.8,12002256,,-0.412809639,,
1956-06-30,478.1,492.8,468,494.8,8386465,,-1.609775093,,
1956-07-31,492.8,517.8,488.4,520,10296992,,-1.077558732,,
1956-08-31,517.8,502,492.2,523.3,10026316,,-2.09072908,,
1956-09-30,502,475.3,474.2,512.7,8395488,,-4.710253155,,
1956-10-31,475.3,479.9,463.8,494.1,9090226,,-6.191060349,,
1956-11-30,480.2,472.8,460.4,500.5,9823308,,-7.61307149,,
1956-12-31,474.3,499.5,474.3,501.6,10450374,,-6.749297463,,
1957-01-31,499.5,479.2,471.1,502.6,10858647,,-7.482165223,,
1957-02-28,479.2,464.6,453.1,479.8,8465414,,-8.796544932,,
1957-03-31,464.6,474.8,463.7,477.6,8034586,,-8.803775941,,
1957-04-30,474.8,494.4,473.1,497.2,10892481,,-7.371380781,,
1957-05-31,494.4,504.9,492.3,508.9,11855640,,-5.675684222,,
1957-06-30,504.9,503.3,492.9,516.8,9805264,,-4.663104364,,
1957-07-31,503.3,508.5,500.8,523.1,10878949,,-3.687181655,,
1957-08-31,508.5,484.4,469,510,9336088,,-4.646848137,,
1957-09-30,484.4,456.3,452.2,487.6,8321053,,-7.01407667,,
1957-10-31,456.3,441,416.2,468.2,14427067,,-9.3065912,,
1957-11-30,438.8,449.9,425.5,452.5,10872179,,-9.866499972,,
1957-12-31,449.9,435.7,423.9,452.2,12279700,,-10.76279396,,
1958-01-31,435.7,450,434.4,453.6,11239850,,-9.979608477,,
1958-02-28,450,439.9,434,459.8,9065413,,-9.719219121,,
1958-03-31,439.9,446.8,439.2,457.3,10529323,,-8.693105938,,
1958-04-30,446.8,455.9,437.3,458.3,11339098,,-7.080630238,,
1958-05-31,455.9,462.7,453.8,465.3,12203008,,-5.31580495,,
1958-06-30,462.7,478.2,462.7,482.1,12769174,,-2.980675479,,
1958-07-31,478.2,503,472.1,508.4,15660900,,0.189796094,,
1958-08-31,503,508.6,499.8,514.4,14052631,,2.491910827,,
1958-09-30,508.6,532.1,508.4,535,16227066,,5.265732269,,
1958-10-31,532.1,543.2,527.7,549.7,21433085,,7.386461336,,
1958-11-30,543.2,557.5,538.4,572.1,16770675,,9.174053916,,
1958-12-31,557.5,583.7,553.7,587.4,17129322,,11.39765512,,
1959-01-31,583.7,594,580.5,601.7,18775940,,12.73729481,,
1959-02-28,594,603.5,571.7,607.6,14839850,,13.37257343,,
1959-03-31,603.5,601.7,599.2,618.8,18593233,,12.78145141,,
1959-04-30,601.7,623.8,599.7,635.3,17106766,,12.94874349,,
1959-05-31,623.8,643.8,611.7,647.2,16003761,,13.41909519,,
1959-06-30,643.8,643.6,613.1,648.7,14506014,,12.73504054,,
1959-07-31,643.6,674.9,643.6,678.7,15992483,,13.34451631,,
1959-08-31,674.9,664.4,639.3,683.9,11515039,,12.03480896,,
1959-09-30,664.4,631.7,613.3,665,12969926,,8.146669927,,
1959-10-31,631.7,646.6,624.6,649.4,13833835,,5.865395437,,
1959-11-30,646.6,659.2,631,661.2,14548871,,4.550711639,,
1959-12-31,660,679.4,658.5,682.7,16287967,,4.38542831,,
1960-01-31,679.4,622.6,619.5,688.2,14418046,,0.025275962,,
1960-02-29,622.6,630.1,603.3,640.3,13646617,,-2.632154455,,
1960-03-31,630.1,616.6,596.2,632.7,14821805,,-5.417216587,,
1960-04-30,616.6,601.7,598.4,637.2,12924811,,-8.213276043,,
1960-05-31,601.7,625.5,596.6,631.4,15516543,,-8.381191044,,
1960-06-30,625.5,640.6,620.6,663.6,17251127,,-7.42914488,,
1960-07-31,640.6,616.7,597.3,650.1,12148872,,-8.296992953,,
1960-08-31,616.7,626,600.3,645.3,14736093,,-8.122364483,,
1960-09-30,626,580.1,565.5,631,13723308,,-10.80770876,,
1960-10-31,580.1,580.4,564.2,600,12263909,,-12.17184933,,
1960-11-30,580.4,597.2,579.4,614.1,13987218,,-11.55564096,,
1960-12-31,597.2,615.9,589.8,621.3,17442856,,-9.582899691,,
1961-01-31,615.9,648.2,606.1,655.2,20077444,,-5.973562647,,
1961-02-28,648.2,662.1,632.8,667,20916543,,-2.688276545,,
1961-03-31,662.1,676.6,656.4,685.3,25951130,,0.266098303,,
1961-04-30,676.6,678.7,671.6,700.8,22953381,,2.066245653,,
1961-05-31,678.7,696.7,673,714.7,21866165,,4.058570333,,
1961-06-30,696.7,684,673.5,708.9,16486466,,4.098454506,,
1961-07-31,684,705.4,674.8,709.8,13723309,,5.079337129,,
1961-08-31,705.4,719.9,702.2,730.2,18381203,,6.146681146,,
1961-09-30,719.9,701.2,688.9,733.5,14395489,,5.079509584,,
1961-10-31,701.2,703.9,693.1,714.1,16461656,,4.084528682,,
1961-11-30,703.9,721.6,700.1,741.3,19797745,,4.13490952,,
1961-12-31,721.6,731.1,714.6,739.9,18581955,,4.30513266,,
1962-01-31,731.1,700,686.9,734.4,18223306,,1.940737835,,
1962-02-28,700,708.1,696.1,721.4,14916540,,0.608868145,,
1962-03-31,708.1,707,703.3,727.1,15437595,,-0.594526224,,
1962-04-30,707,665.3,661.5,709.7,14715787,,-4.243952936,,
1962-05-31,665.3,613.4,553.8,679.2,25044362,,-9.876463698,,
1962-06-30,613.4,561.3,524.6,616.5,22592482,,-16.44692068,,
1962-07-31,561.3,597.9,557.3,601.2,16727821,,-17.56271732,,
1962-08-31,597.6,609.2,582.1,622,18135340,,-16.77570455,,
1962-09-30,609.2,579,572.2,612.4,14185715,,-17.44750203,,
1962-10-31,579,589.8,549.7,594.8,17749624,,-16.34214618,,
1962-11-30,589.8,649.3,582.7,656,21658647,,-11.03568234,,
1962-12-31,649.3,652.1,636.9,658.8,18241352,,-6.967528005,,
1963-01-31,652.1,682.9,643.6,686.9,23000752,,-2.086006446,,
1963-02-28,682.9,662.9,661.3,694.3,17846616,,-0.18776239,,
1963-03-31,662.9,682.5,656.7,687.4,16863158,,2.268719469,,
1963-04-30,682.5,717.7,680.6,721.9,23975191,,5.936705815,,
1963-05-31,717.7,727,708.2,730.4,23699997,,8.50534935,,
1963-06-30,727,706.9,702.4,733,20431581,,8.354668844,,
1963-07-31,706.9,695.4,684.4,719,17212782,,7.037257559,,
1963-08-31,695.4,729.3,691.2,731.7,20672930,,7.938905507,,
1963-09-30,729.3,732.8,728.6,753,24049622,,8.225999564,,
1963-10-31,732.8,755.2,732.5,767.2,27599999,,9.300258333,,
1963-11-30,755.2,750.5,710.8,759.6,21200753,,9.060926414,,
1963-12-31,750.5,763,746.8,773.1,22254135,,9.087819609,,
1964-01-31,763,785.3,760.3,791.6,26305263,,9.884867887,,
1964-02-29,785.3,800.1,778,803.5,19874436,,10.62168977,,
1964-03-31,800.1,813.3,798.1,824.7,25660150,,11.15582026,,
1964-04-30,813.3,810.8,807.2,831.6,27854887,,10.50754401,,
1964-05-31,810.8,820.6,808.6,836.1,22364661,,9.913150277,,
1964-06-30,820.6,831.5,796.9,835.9,21687969,,9.431293527,,
1964-07-31,831.5,841.1,829.3,855.2,23140603,,8.940773712,,
1964-08-31,841.1,838.5,820.8,847.2,18559399,,7.671584586,,
1964-09-30,838.5,875.4,836.6,880.2,24760150,,8.48418624,,
1964-10-31,875.4,873.1,861.4,886.3,24033833,,8.038026504,,
1964-11-30,873.1,875.4,866.8,897,21121805,,7.10152891,,
1964-12-31,875.4,874.1,850.2,881.4,23460903,,5.660860388,,
1965-01-31,874.1,902.9,865.1,907.8,24615790,,5.887718955,,
1965-02-28,902.9,903.5,877.5,911.8,25326318,,5.334781472,,
1965-03-31,903.5,889.1,884.7,907.9,28157142,,3.352644827,,
1965-04-30,889.1,922.3,886.8,925.4,26869175,,3.608700154,,
1965-05-31,922.3,918,904.8,944.8,24854888,,2.852800655,,
1965-06-30,918,868,832.7,921.9,28908273,,-1.42071637,,
1965-07-31,868,881.7,857.7,890,19206766,,-3.606559804,,
1965-08-31,881.7,893.1,874.8,901.9,24602257,,-4.507864898,,
1965-09-30,893.1,930.6,887,945,35003005,,-2.880882982,,
1965-10-31,930.6,960.8,923.2,967.5,37012780,,-0.213811661,,
1965-11-30,960.8,946.7,937.2,970,33182708,,0.138720076,,
1965-12-31,946.7,969.3,924.4,976.6,43093986,,1.363855037,,
1966-01-31,969.3,983.5,961.9,1000.6,41257894,,2.532520318,,
1966-02-28,983.5,951.9,946.1,1001.1,37396240,,0.675907002,,
1966-03-31,951.9,924.8,905.4,955.2,43163908,,-2.693926633,,
1966-04-30,924.8,933.7,921.8,961.9,41990978,,-4.531989298,,
1966-05-31,933.7,884.1,859.1,939.6,38636842,,-9.036617326,,
1966-06-30,884.1,870.1,858.9,910.4,31680452,,-12.68395171,,
1966-07-31,870.1,847.4,843.8,901.2,27024812,,-16.12905613,,
1966-08-31,846.6,788.4,759.5,860.6,36638347,,-21.54662848,,
1966-09-30,788.4,774.2,763.4,822.9,27074433,,-25.00836695,,
1966-10-31,774.2,807.1,735.7,816.6,32979700,,-23.9999455,,
1966-11-30,807.1,791.6,784.8,827.3,32882708,,-23.27665173,,
1966-12-31,791.6,785.7,779.3,827.2,37233834,,-22.10428494,,
1967-01-31,785.7,849.9,776.2,857,46784212,,-16.18790692,,
1967-02-28,849.9,839.4,828,871.7,41266919,,-12.33850486,,
1967-03-31,839.4,866,835.3,883.4,50670678,,-7.590678023,,
1967-04-30,866,897.1,839,903.7,42327067,,-2.224144691,,
1967-05-31,897.1,852.6,850.4,915.9,49267670,,-1.570686768,,
1967-06-30,852.6,860.3,836.9,892.8,47952630,,-0.570686586,,
1967-07-31,860.3,904.2,853.2,918.7,48886464,,2.90559805,,
1967-08-31,904.2,901.3,887.8,933.1,46872179,,4.758448111,,
1967-09-30,901.3,926.7,894.2,951.6,46231579,,7.291825789,,
1967-10-31,926.7,879.7,876.2,940.4,50702258,,5.481922744,,
1967-11-30,879.7,875.8,839.4,894.9,47690978,,3.782660492,,
1967-12-31,875.8,905.1,868.8,910.4,51757895,,4.351948872,,
1968-01-31,905.1,855.5,850.5,921.9,59271429,,1.268145155,,
1968-02-29,855.5,840.5,826.5,871.3,39333835,,-1.738487023,,
1968-03-31,840.5,840.7,817.6,854.3,43445864,,-3.565146093,,
1968-04-30,849.2,912.2,849.2,918.1,66636089,,0.001860727,,
1968-05-31,912.2,899,885.5,935.7,65860152,,1.357164076,,
1968-06-30,899,897.8,891.5,924.9,58035337,,2.01788601,,
1968-07-31,897.8,883,877,933.8,54687971,,1.336102236,,
1968-08-31,883,896,863.3,902.4,43752632,,1.619687932,,
1968-09-30,896,935.8,892.6,945.9,51496241,,4.200104272,,
1968-10-31,935.8,952.4,932.9,974.3,61398496,,6.594717187,,
1968-11-30,952.4,985.1,936.5,989.6,56808271,,9.759776242,,
1968-12-31,985.1,943.8,936.7,994.7,60333836,,8.497066758,,
1969-01-31,943.8,946.1,915.5,960.2,60135337,,7.288394661,,
1969-02-28,946.1,905.2,895.4,959.2,46802257,,3.403417937,,
1969-03-31,905.2,935.5,895.8,941.4,44912030,,2.580702807,,
1969-04-30,935.5,950.2,908.8,956.3,53442859,,2.719044505,,
1969-05-31,950.2,937.6,928.6,974.9,57875187,,1.704086429,,
1969-06-30,937.6,873.2,862.5,938.7,53036840,,-3.290170765,,
1969-07-31,873.2,815.5,788.1,893.9,51484962,,-10.08169103,,
1969-08-31,815.6,836.7,800.6,843.7,45491729,,-12.58548636,,
1969-09-30,836.7,813.1,804.5,846,49432331,,-15.10091216,,
1969-10-31,813.1,856,794,868,69949622,,-13.21347225,,
1969-11-30,856,812.3,800.4,871.8,48180452,,-14.16183764,,
1969-12-31,812.3,800.4,764.5,816.4,61432330,,-14.77623657,,
1970-01-31,800.4,744.1,739.1,819.2,49869922,,-17.94893024,,
1970-02-28,744.1,777.6,738.8,784.2,51514289,,-16.78706017,,
1970-03-31,777.6,785.6,758,803.3,48018046,,-14.55836601,,
1970-04-30,785.6,736.1,716.7,798.8,50327819,,-15.41417322,,
1970-05-31,736.1,700.4,627.5,740.8,58245113,,-17.24260751,,
1970-06-30,700.4,683.5,674.9,728.2,51072182,,-18.3457446,,
1970-07-31,683.5,734.1,665.3,743.4,51369922,,-14.58694522,,
1970-08-31,734.1,764.6,702.8,772,49328572,,-9.227309166,,
1970-09-30,764.6,760.7,741.5,778.3,68411281,,-5.31955741,,
1970-10-31,760.7,755.6,746.7,791.1,58955638,,-2.591126258,,
1970-11-30,755.6,794.1,749.5,797.5,51945112,,2.043456561,,
1970-12-31,794.1,838.9,787.5,848.2,75618045,,8.027219658,,
1971-01-31,838.9,868.5,826.5,873.8,78606767,,13.55461992,,
1971-02-28,868.5,878.8,862,898.1,83727065,,17.24365071,,
1971-03-31,878.8,904.4,873.2,922.3,87942855,,20.52415053,,
1971-04-30,904.4,941.8,897.5,958.1,90581955,,24.08289157,,
1971-05-31,941.8,907.8,898.6,948.9,69329323,,23.01800275,,
1971-06-30,907.8,891.1,866.3,929.6,68478947,,20.16251845,,
1971-07-31,891.1,858.4,854.4,908.8,59828572,,15.26737571,,
1971-08-31,858.4,898.1,834.9,917.8,72297746,,13.93602747,,
1971-09-30,898.1,887.2,877.5,925.7,57004509,,11.64725124,,
1971-10-31,887.2,839,827.8,910.6,63175938,,6.471413832,,
1971-11-30,839,831.3,790.7,855.2,62348122,,2.327214075,,
1971-12-31,831.3,890.2,831.1,902.5,85190979,,3.291822831,,
1972-01-31,890.2,902.2,882.8,924,85599248,,4.40741624,,
1972-02-29,902.2,928.1,894.3,933.3,84870677,,6.43618279,,
1972-03-31,928.1,940.7,924.1,957,91048873,,8.067512987,,
1972-04-30,940.7,954.2,933.6,977.7,83005263,,9.403269156,,
1972-05-31,954.2,960.7,917.4,979.5,75755634,,10.01558711,,
1972-06-30,960.7,929,917.8,967.7,70942106,,7.68170697,,
1972-07-31,929,924.7,900.1,955.5,65165414,,5.354648629,,
1972-08-31,924.7,963.7,922,980.4,80510524,,5.904954816,,
1972-09-30,963.7,953.3,927.2,977.4,55531579,,5.063838207,,
1972-10-31,953.3,955.5,917.1,964.1,71571429,,4.187258521,,
1972-11-30,955.5,1018.2,955.3,1029.7,91481954,,7.185828073,,
1972-12-31,1018.2,1020,996.1,1042.4,77758647,,8.553202439,,
1973-01-31,1022.9,999,988.1,1067.2,88815788,,7.351958028,,
1973-02-28,999,955.1,938.8,1019.9,71772181,,3.125543245,,
1973-03-31,955.1,951,911.1,985.3,77458646,,-0.242614798,,
1973-04-30,951,921.4,907.5,975.3,62704513,,-4.523067192,,
1973-05-31,921.4,901.4,875.5,965.2,76073685,,-8.527981066,,
1973-06-30,901.4,891.7,864.5,935.6,60609020,,-11.4734896,,
1973-07-31,890.2,926.4,863.9,944.1,69424061,,-10.74092029,,
1973-08-31,924.4,887.6,845.5,924.4,61908269,,-12.4075231,,
1973-09-30,887.6,947.1,873.3,964.6,74226314,,-9.188958824,,
1973-10-31,947.1,956.6,937.7,997.6,95390979,,-6.247128622,,
1973-11-30,956.6,822.3,810.4,963.8,90203006,,-12.79570716,,
1973-12-31,820.5,850.9,783.6,861.1,86702258,,-14.52434129,,
1974-01-31,850.9,855.6,816.6,890.4,81913535,,-14.63344804,,
1974-02-28,855.6,860.5,795.7,871.4,57927068,,-13.67563072,,
1974-03-31,860.5,846.7,841.8,904,69834586,,-13.26151722,,
1974-04-30,846.7,836.8,818.7,875.9,57354135,,-12.93078069,,
1974-05-31,836.8,802.2,788.8,870.4,62063907,,-14.2164654,,
1974-06-30,802.2,802.4,796.5,865.5,55339850,,-14.19463703,,
1974-07-31,802.4,757.4,753.1,812,61824812,,-16.20663501,,
1974-08-31,757.4,678.6,651.6,803.4,63180451,,-21.50802253,,
1974-09-30,678.6,607.9,598.8,686.5,63169172,,-28.02728399,,
1974-10-31,607.9,665.5,573.2,689.3,85060152,,-26.71644866,,
1974-11-30,665.5,618.7,599.8,692.8,64689473,,-27.16824841,,
1974-12-31,616.1,616.2,570,619.8,71086468,,-25.81210517,,
1975-01-31,619.1,703.7,619.1,717.3,97567672,,-17.5914488,,
1975-02-28,703.7,739.1,695.2,757.4,95557894,,-8.783994785,,
1975-03-31,739.1,768.2,731.5,796.9,102318047,,-0.452479457,,
1975-04-30,768.2,821.3,736.6,835.2,101808271,,8.676630148,,
1975-05-31,821.3,832.3,808,868.6,103193234,,15.12059394,,
1975-06-30,835.7,879,811.2,884.6,100827067,,21.78758484,,
1975-07-31,879,831.5,819.2,888.9,99627067,,22.18358787,,
1975-08-31,831.5,835.3,785.8,844,63489473,,21.85158334,,
1975-09-30,835.3,793.9,789.7,849,62057143,,18.14631942,,
1975-10-31,793.9,836,780.5,859.6,82452633,,17.80841372,,
1975-11-30,836,860.7,821.1,865.8,71912031,,18.44780015,,
1975-12-31,860.7,852.4,812.8,866.1,78715037,,17.5181875,,
1976-01-31,852.4,975.3,848.6,986,143420299,,23.98683845,,
1976-02-29,975.3,972.6,946.2,1002.8,134465414,,26.68331089,,
1976-03-31,972.6,999.5,964.2,1018,119458647,,28.70228757,,
1976-04-30,999.5,996.9,963,1017.7,88479698,,28.24274553,,
1976-05-31,995.8,975.2,955.8,1015.8,80280452,,24.97051762,,
1976-06-30,975.2,1002.8,951.7,1012.9,94112031,,23.19618626,,
1976-07-31,1002.8,984.6,974.2,1017.9,88818046,,19.47800302,,
1976-08-31,984.6,973.7,954.1,1004.7,78198496,,15.15783901,,
1976-09-30,973.7,990.2,971.2,1026.3,93552630,,12.40089148,,
1976-10-31,990.2,964.9,928.3,995.6,81516540,,8.072419001,,
1976-11-30,964.9,947.2,917.9,972,85944362,,3.45246638,,
1976-12-31,947.2,1004.7,942.2,1006.8,120575190,,3.683224655,,
1977-01-31,1004.7,954.4,944.9,1007.8,113147368,,0.054278841,,
1977-02-28,954.4,936.4,926,963.8,89873684,,-3.742432556,,
1977-03-31,936.4,919.1,914.2,971.6,98050377,,-7.392064159,,
1977-04-30,919.6,926.9,909.7,956.1,90915789,,-9.139517907,,
1977-05-31,926.9,898.7,892.6,949.5,96049625,,-11.8797241,,
1977-06-30,898.7,916.3,896.5,934.4,109432330,,-12.14859686,,
1977-07-31,916.3,890.1,878.8,927.8,102063159,,-13.62191551,,
1977-08-31,890.1,861.5,844.4,900,97815788,,-15.89503901,,
1977-09-30,861.5,847.1,830.3,879.8,86542105,,-17.60786497,,
1977-10-31,847.1,818.4,792.8,855.6,93263913,,-19.75217882,,
1977-11-30,816,829.7,794.5,850.1,111581956,,-19.45680668,,
1977-12-31,829.7,831.2,800.4,835.2,101722556,,-18.22883763,,
1978-01-31,830.5,769.9,759.4,830.5,96572931,,-20.44690916,,
1978-02-28,769.9,742.1,739.2,787.4,83142856,,-22.5241228,,
1978-03-31,742.1,757.4,736.8,777.8,112236092,,-21.60228013,,
1978-04-30,756.7,837.3,747.1,846.2,156902257,,-14.67715454,,
1978-05-31,837.3,840.6,813.8,865.6,174981203,,-9.207294886,,
1978-06-30,840.6,819,808,879.3,150290977,,-6.504381349,,
1978-07-31,819,862.3,800.9,866.3,122140603,,-1.520836046,,
1978-08-31,862.3,876.8,855.3,911.2,195101505,,2.796436959,,
1978-09-30,876.8,865.8,850.9,917.2,151644360,,4.836060739,,
1978-10-31,865.8,792.5,782.1,909.4,153911276,,1.354314844,,
1978-11-30,805.5,799,779.1,831.7,116077443,,-0.316036907,,
1978-12-31,802,805,781,829.9,111076692,,-0.794667824,,
1979-01-31,805,839.2,798.5,865,138886467,,1.300208744,,
1979-02-28,839.2,808.8,802.2,844,107303007,,0.772708533,,
1979-03-31,808.8,862.2,807.3,877,146571426,,3.975364862,,
1979-04-30,859.9,854.9,847.3,884.6,139996242,,5.465329654,,
1979-05-31,854.9,822.3,815.1,863.2,140693231,,4.176662669,,
1979-06-30,822.3,842,817.7,853.1,172218497,,4.542101528,,
1979-07-31,840.6,846.4,818,857,153550376,,4.938382351,,
1979-08-31,846.4,887.6,839.1,893.6,186101504,,7.670455081,,
1979-09-30,887.6,878.6,857.9,902.1,161039098,,8.502207916,,
1979-10-31,877.7,815.7,796,904.9,193518045,,4.640124867,,
1979-11-30,815.7,822.4,792.2,838.6,147439849,,2.469626815,,
1979-12-31,822.4,838.7,814.8,851.5,160197743,,2.080183355,,
1980-01-31,838.7,875.9,809,897.9,261257143,,4.156533694,,
1980-02-29,875.9,863.1,847.3,918.2,215758645,,4.469193327,,
1980-03-31,863.1,785.8,730,868.7,197695489,,-0.466409851,,
1980-04-30,785.8,817.1,751.4,818.5,152061655,,-1.501128678,,
1980-05-31,817.1,850.9,795.8,866.1,172538346,,0.126358442,,
1980-06-30,850.9,867.9,840.7,896.3,187141354,,2.26472436,,
1980-07-31,867.9,935.3,862.6,946.9,230474437,,7.822451028,,
1980-08-31,935.3,932.6,918.5,972.4,217818045,,10.74057437,,
1980-09-30,932.6,932.4,918,980.7,238581201,,11.98633686,,
1980-10-31,932.4,924.5,911.6,987.3,232734585,,11.59987574,,
1980-11-30,924.5,993.3,924.5,1009.4,222881957,,15.07900376,,
1980-12-31,991.1,964,894.5,991.1,231349626,,14.50374561,,
1981-01-31,964,947.3,930.9,1013.1,215530828,,12.18847833,,
1981-02-28,947.1,974.6,923.9,980.9,184130077,,11.68417437,,
1981-03-31,974.6,1003.9,955.7,1021.8,264931577,,12.44238832,,
1981-04-30,1003.9,997.8,981.8,1031,253414288,,11.66467319,,
1981-05-31,997.8,991.8,956.7,1005.2,204232332,,9.944832187,,
1981-06-30,991.8,976.9,972.7,1023,248339097,,7.133998362,,
1981-07-31,976.9,952.3,918.7,979,215181205,,3.15140876,,
1981-08-31,952.3,881.5,879.1,961.5,207642857,,-4.312399501,,
1981-09-30,881.5,850,807.5,892.4,216347367,,-11.04903999,,
1981-10-31,850,852.6,823.6,885.8,225013534,,-14.77539466,,
1981-11-30,856,889,834.6,892.8,222839096,,-14.22890566,,
1981-12-31,889,875,862.8,898.5,216421804,,-14.2169086,,
1982-01-31,875,871.1,832.6,887.4,218422556,,-13.86358802,,
1982-02-28,866.3,824.4,802.2,866.3,219290977,,-16.0146522,,
1982-03-31,824.4,822.8,786.2,840.7,286170676,,-16.70797663,,
1982-04-30,822.8,848.4,820.5,871.2,256351128,,-14.6773515,,
1982-05-31,848.4,819.5,815.5,876.5,231532331,,-14.4904663,,
1982-06-30,819.5,811.9,784.3,824.3,250495488,,-14.07665547,,
1982-07-31,811.9,808.6,787.4,843.8,258313533,,-13.23580518,,
1982-08-31,808.6,901.3,770,911,377316542,,-6.014710804,,
1982-09-30,901.3,896.3,888.7,951.2,349181953,,-1.394421745,,
1982-10-31,896.3,991.7,892,1051.9,466592481,,7.764001355,,
1982-11-30,991.7,1039.3,983.7,1078.5,418881203,,16.21855922,,
1982-12-31,1039.3,1046.5,983.4,1077.9,379416543,,21.17354711,,
1983-01-31,1046.5,1075.7,1013.4,1105.1,419007517,,25.03105348,,
1983-02-28,1075.7,1112.2,1046.8,1135.3,364387219,,28.40728095,,
1983-03-31,1112.2,1130,1105.1,1158.5,429004509,,30.04672847,,
1983-04-30,1130,1226.2,1102.2,1235.5,403053381,,35.44647567,,
1983-05-31,1225.4,1200,1174.3,1244.5,440555637,,35.02797045,,
1983-06-30,1200,1222,1176.8,1260.7,445231582,,33.98081164,,
1983-07-31,1222,1199.2,1179.8,1258.5,358684962,,29.65803825,,
1983-08-31,1199.2,1216.2,1152.1,1219.8,384909020,,25.98112638,,
1983-09-30,1216.2,1233.1,1197.4,1270.7,392438347,,22.83617978,,
1983-10-31,1233.1,1225.2,1214.6,1286.7,404801502,,18.55479567,,
1983-11-30,1225.2,1276,1208.7,1297,409310527,,17.4893585,,
1983-12-31,1276,1258.6,1231.2,1285.5,417036090,,14.1032401,,
1984-01-31,1258.6,1220.6,1209.6,1295.4,499772932,,8.093281569,,
1984-02-29,1220.6,1154.6,1115,1226.6,435972179,,-1.051537981,,
1984-03-31,1154.6,1164.9,1131.7,1197.2,418403005,,-6.810156714,,
1984-04-30,1164.9,1170.8,1117.3,1182.1,387412784,,-10.40977006,,
1984-05-31,1170.8,1104.9,1083.2,1194.4,437492483,,-17.02584528,,
1984-06-30,1106.3,1132.4,1079.4,1144.8,408918048,,-19.18637961,,
1984-07-31,1132.4,1115.3,1079,1139.5,374932327,,-21.24354661,,
1984-08-31,1115.3,1224.4,1115,1253.8,569981957,,-15.02587738,,
1984-09-30,1222.4,1206.7,1189.8,1248.2,398945866,,-12.00547435,,
1984-10-31,1206.7,1207.4,1158.2,1246,475991729,,-9.945782444,,
1984-11-30,1207.4,1188.9,1180.8,1247.5,396378945,,-9.798848798,,
1984-12-31,1188.9,1211.6,1154.7,1223.6,401729325,,-8.206876172,,
1985-01-31,1211.6,1286.8,1178.7,1305.1,603092481,,-2.423502464,,
1985-02-28,1286.1,1284,1263.9,1307.5,495027066,,0.711532111,,
1985-03-31,1284,1266.8,1242.8,1310,485659396,,1.101699246,,
1985-04-30,1266.8,1258.1,1245.8,1290.3,447040601,,0.290922588,,
1985-05-31,1258.1,1315.4,1235.5,1320.8,530151878,,2.981222619,,
1985-06-30,1315.4,1335.5,1285.4,1341.2,477518794,,5.344087815,,
1985-07-31,1335.5,1347.5,1313.4,1372.2,555579697,,6.848754568,,
1985-08-31,1347.5,1334,1303.7,1361.9,433804511,,6.093681921,,
1985-09-30,1334,1328.6,1283.7,1348.2,419584963,,4.464864896,,
1985-10-31,1328.6,1374.3,1315.2,1384.6,573663157,,5.624693392,,
1985-11-30,1374.3,1472.1,1367.8,1486.9,551587218,,11.78367122,,
1985-12-31,1472.1,1546.7,1450.3,1570.9,632566920,,19.24572804,,
1986-01-31,1546.7,1571,1491.7,1582.9,649400753,,23.87946277,,
1986-02-28,1571,1709.1,1564.3,1732.6,653932330,,33.705576,,
1986-03-31,1709.1,1818.6,1663.1,1849.7,725097743,,44.36906337,,
1986-04-30,1818.6,1784,1712.5,1870.2,730917292,,45.70115159,,
1986-05-31,1784,1876.7,1746.5,1898.2,604565415,,49.13449575,,
1986-06-30,1876.7,1892.7,1816.1,1908.6,597654135,,48.6980826,,
1986-07-31,1892.7,1775.3,1741.6,1922.7,683436091,,37.23478889,,
1986-08-31,1775.3,1898.3,1730.6,1918.6,609451127,,34.71788564,,
1986-09-30,1898.3,1767.6,1733,1933.4,714203007,,21.67067644,,
1986-10-31,1767.6,1877.7,1761.3,1894.7,680467669,,18.02513334,,
1986-11-30,1877.7,1914.2,1797.1,1926.5,663345110,,15.72541482,,
1986-12-31,1914.2,1896,1880.5,1971.7,735534587,,10.86312051,,
1987-01-31,1897.4,2158,1897.4,2214.6,911476692,,22.50649298,,
1987-02-28,2158,2224,2134.4,2266.5,786157897,,31.32537385,,
1987-03-31,2224,2304.7,2209.1,2399.6,894383458,,38.7783406,,
1987-04-30,2304.7,2286.4,2180.5,2428.4,886849625,,38.57814959,,
1987-05-31,2286.4,2291.6,2188.5,2380.8,770909774,,35.00338961,,
1987-06-30,2291.6,2418.5,2260.6,2466,810902255,,37.18773988,,
1987-07-31,2418.5,2572.1,2391.3,2588.3,894676692,,44.48645487,,
1987-08-31,2572.1,2663,2526,2746.7,916330827,,50.50538274,,
1987-09-30,2663,2596.3,2469,2695.5,839819550,,45.23386689,,
1987-10-31,2596.3,1993.5,1616.2,2662.4,1374699246,,-1.153685491,,
1987-11-30,1993.5,1833.6,1795.3,2027.5,809666165,,-42.61278808,,
1987-12-31,1833.6,1938.8,1733.9,2019.6,885733084,,-61.79429331,,
1988-01-31,1950.8,1958.2,1846,2075.3,788278193,,-71.34181977,,
1988-02-29,1958.2,2071.6,1878.2,2078.1,833061655,,-68.18899502,,
1988-03-31,2071.6,1988.1,1951.3,2110.9,914201504,,-69.65139396,,
1988-04-30,1988.1,2032.3,1968,2121.4,735509775,,-65.62159905,,
1988-05-31,2032.3,2031.1,1921.6,2072,728880451,,-61.10840897,,
1988-06-30,2031.1,2141.7,2021.3,2169.1,971438346,,-49.25473181,,
1988-07-31,2141.7,2128.7,2047.3,2169.5,753038346,,-41.19717065,,
1988-08-31,2128.7,2031.7,1978.7,2151.9,750557141,,-41.20811921,,
1988-09-30,2027.6,2112.9,1988.4,2140.3,690101503,,-34.80945007,,
1988-10-31,2112.9,2148.7,2082.3,2195.1,770336843,,-27.54676969,,
1988-11-30,2148.7,2114.5,2026.7,2186,636726317,,-24.52771734,,
1988-12-31,2114.5,2168.6,2075.4,2193.8,641706765,,-18.63574917,,
1989-01-31,2168.4,2342.3,2127.1,2350.2,796741355,,-3.576892513,,
1989-02-28,2342.3,2258.4,2232.1,2369.3,725476691,,0.006904376,,
1989-03-31,2258.4,2293.6,2234.5,2351.1,790495487,,3.81115558,,
1989-04-30,2293.6,2418.8,2282.1,2433.1,730206769,,13.28906149,,
1989-05-31,2418.8,2480.2,2356.3,2521.6,845260150,,21.72440136,,
1989-06-30,2480.2,2440.1,2412.9,2545,894719549,,22.53707939,,
1989-07-31,2440.1,2660.7,2431.5,2668.3,732863911,,35.11531712,,
1989-08-31,2660.7,2737.3,2619.7,2758.7,890774439,,45.13882923,,
1989-09-30,2737.3,2692.8,2636.8,2768.2,684593232,,45.20444014,,
1989-10-31,2692.8,2645.1,2496.9,2809.1,905113537,,38.71794547,,
1989-11-30,2645.1,2706.3,2563.1,2718.2,683945861,,35.32624829,,
1989-12-31,2706.3,2753.2,2658.7,2784.8,724831578,,33.05900034,,
1990-01-31,2753.2,2590.5,2513.1,2834,855620301,,18.16385776,,
1990-02-28,2590.5,2627.3,2541,2674.3,668120301,,8.824848305,,
1990-03-31,2627.3,2707.2,2607.9,2775,740589472,,6.188309445,,
1990-04-30,2707.2,2656.8,2627.7,2793.5,631856392,,-0.438584974,,
1990-05-31,2656.8,2876.7,2651.4,2908.2,811281204,,8.03174996,,
1990-06-30,2876.7,2880.7,2821.5,2956.9,727732329,,11.72416721,,
1990-07-31,2880.7,2905.2,2833.2,3024.3,760222556,,13.50985598,,
1990-08-31,2905.2,2614.4,2459.4,2931.2,905472182,,-6.145665592,,
1990-09-30,2614.4,2452.5,2367.8,2665.4,605729324,,-29.96964341,,
1990-10-31,2452.5,2442.3,2344.3,2565.4,827954888,,-45.40799008,,
1990-11-30,2442.3,2559.7,2415.6,2581.2,710129323,,-46.53445407,,
1990-12-31,2559.7,2633.7,2534.7,2662.6,703017295,,-41.29508133,,
1991-01-31,2633.7,2736.4,2447,2747.3,825360902,,-30.41469524,,
1991-02-28,2736.4,2882.2,2694.3,2955.2,969392481,,-13.74913652,,
1991-03-31,2882.2,2913.9,2829.2,3017.8,885757895,,-1.581438196,,
1991-04-30,2913.9,2887.9,2848.5,3030.5,905839851,,3.450562746,,
1991-05-31,2887.9,3027.5,2834.5,3044.5,845282708,,14.3066016,,
1991-06-30,3027.5,2906.8,2879.3,3057.5,731521804,,11.59959756,,
1991-07-31,2911.7,3024.8,2897.4,3039.6,781827069,,15.74028514,,
1991-08-31,3024.8,3043.6,2836.3,3068.7,845663910,,17.58932394,,
1991-09-30,3043.6,3016.8,2963.1,3066.6,731194735,,14.95489692,,
1991-10-31,3016.8,3069.1,2925.5,3091,917266919,,14.66231336,,
1991-11-30,3069.1,2894.7,2861.1,3091.9,838915037,,1.352006874,,
1991-12-31,2894.7,3168.8,2832.3,3204.6,936004513,,9.19933283,,
1992-01-31,3168.8,3223.4,3119.9,3313.5,1183093985,,15.86753877,,
1992-02-29,3223.4,3267.7,3193.4,3307.5,957268420,,20.75364948,,
1992-03-31,3267.7,3235.5,3176.2,3318.4,912972181,,19.33728639,,
1992-04-30,3235.5,3359.1,3141.8,3388,970463910,,23.94362134,,
1992-05-31,3359.1,3396.9,3316.6,3434,817901505,,26.55326715,,
1992-06-30,3396.9,3318.5,3242.3,3435.3,949418798,,20.29849214,,
1992-07-31,3318.5,3393.8,3255.4,3414.9,958664661,,18.57806609,,
1992-08-31,3393.8,3257.4,3200.9,3413.2,821668420,,6.237327095,,
1992-09-30,3257.4,3271.7,3226.6,3391.4,901472932,,-2.50999056,,
1992-10-31,3271.7,3226.3,3087.4,3291.4,1008396995,,-12.35066625,,
1992-11-30,3226.3,3305.2,3176.8,3326.5,932458645,,-14.4000878,,
1992-12-31,3305.2,3301.1,3229.8,3364.9,1089309021,,-16.72271354,,
1993-01-31,3301.1,3310,3219.3,3338.1,1184830826,,-18.2270784,,
1993-02-28,3310,3370.8,3262.5,3472.9,1208363910,,-15.78603195,,
1993-03-31,3370.8,3435.1,3334.1,3497.3,1277912032,,-10.74070044,,
1993-04-30,3435.1,3427.6,3338.4,3499.4,1304059400,,-8.885166151,,
1993-05-31,3427.6,3527.4,3402.4,3582.2,1149742104,,-2.25831872,,
1993-06-30,3527.4,3516.1,3445.8,3577.3,1246987218,,-0.073290224,,
1993-07-31,3516.1,3539.5,3443.3,3604.9,1193557897,,1.427789389,,
1993-08-31,3539.5,3651.3,3523.5,3681.7,1237134587,,8.059721279,,
1993-09-30,3651.3,3555.1,3501.5,3665.5,1247893983,,4.267471338,,
1993-10-31,3555.1,3680.6,3541.7,3713.6,1340090977,,8.278991821,,
1993-11-30,3680.6,3684,3585.9,3749.9,1327946615,,9.16046764,,
1993-12-31,3684,3754.1,3673.3,3818.9,1306382707,,12.2696433,,
1994-01-31,3754.1,3978.4,3715.2,4002.8,1495502260,,26.4248287,,
1994-02-28,3978.4,3832,3811.8,3998.1,1320004511,,23.0439653,,
1994-03-31,3832,3636,3544.1,3911.8,1635243609,,5.63119869,,
1994-04-30,3633.1,3681.7,3520.8,3733.2,1293390225,,-4.251792297,,
1994-05-31,3681.7,3758.4,3609.7,3788.8,1280643608,,-6.90914481,,
1994-06-30,3758.4,3625,3603.9,3839.9,1319127068,,-18.29064813,,
1994-07-31,3625,3764.5,3611,3782.6,1121517295,,-17.08611441,,
1994-08-31,3764.5,3913.4,3722.4,3954.5,1443142105,,-7.417211401,,
1994-09-30,3913.4,3843.2,3804.5,3972.7,1388774437,,-6.915410394,,
1994-10-31,3843.2,3908.1,3736.2,3958.3,1428588721,,-3.548148562,,
1994-11-30,3908.1,3739.2,3612.1,3919.9,1411075940,,-13.47387168,,
1994-12-31,3739.2,3834.4,3639,3882.2,1432204511,,-14.32610274,,
1995-01-31,3834.4,3843.9,3794.4,3955.6,1544659397,,-14.88309109,,
1995-02-28,3843.9,4011.1,3809.2,4034.6,1428622557,,-5.12786164,,
1995-03-31,4011.1,4157.7,3935.3,4213.7,1756772932,,9.276524471,,
1995-04-30,4157.7,4321.3,4129.7,4348.9,1420066915,,26.90356739,,
1995-05-31,4321.3,4465.1,4278.7,4480.7,1703727068,,44.30156204,,
1995-06-30,4465.1,4556.1,4394.6,4614.2,1703864662,,57.17341716,,
1995-07-31,4556.1,4708.5,4530.3,4768,1647354139,,70.32170657,,
1995-08-31,4708.5,4610.6,4552.8,4772.6,1609691728,,66.82016594,,
1995-09-30,4610.6,4789.1,4594.7,4839.5,1590651884,,70.55329655,,
1995-10-31,4789.1,4755.5,4638.4,4845.1,1812879691,,64.92875033,,
1995-11-30,4755.5,5074.5,4719.7,5143.1,1707631579,,76.08796407,,
1995-12-31,5074.5,5117.1,5016.7,5266.7,1629985712,,79.36930684,,
1996-01-31,5117.1,5395.3,5000.1,5433.2,2072492469,,92.39548218,,
1996-02-29,5395.3,5485.6,5319.4,5693.4,1976621064,,98.64474913,,
1996-03-31,5485.6,5587.1,5395.3,5755.9,2026511272,,100.8087108,,
1996-04-30,5587.1,5569.1,5382.7,5737.1,2002256379,,92.44266951,,
1996-05-31,5569.1,5643.2,5327.7,5833,2012287210,,83.58209941,,
1996-06-30,5643.2,5654.6,5559.7,5770.6,1788428570,,70.6841859,,
1996-07-31,5654.6,5528.9,5170.1,5769.9,1853063892,,47.02136845,,
1996-08-31,5528.9,5616.2,5507.8,5762,1664736089,,31.33775292,,
1996-09-30,5616.2,5882.2,5550.4,5952.1,1820246604,,32.81029907,,
1996-10-31,5882.2,6029.4,5833.7,6162.8,2190076685,,37.30248191,,
1996-11-30,6029.4,6521.7,5975.3,6606.3,2009280448,,65.39028276,,
1996-12-31,6521.7,6448.3,6206.8,6624,2050188733,,70.54426083,,
1997-01-31,6448.3,6813.1,6319,6953.6,2624190200,,88.85769867,,
1997-02-28,6813.1,6877.7,6683.4,7112.9,2192133834,,95.09862294,,
1997-03-31,6877.7,6583.5,6532.5,7158.3,2262543603,,70.33104324,,
1997-04-30,6583.5,7009,6315.8,7081.2,2359768426,,73.19556543,,
1997-05-31,7009,7331,6891.4,7430.2,2279697780,,86.45723505,,
1997-06-30,7331,7672.8,7214.3,7868.4,2449161691,,106.6069729,,
1997-07-31,7672.8,8222.6,7613.5,8329,2697320291,,143.048831,,
1997-08-31,8222.6,7622.4,7580.9,8340.1,2392353348,,114.0755815,,
1997-09-30,7651,7945.3,7556.2,8078.4,2567593946,,104.2703197,,
1997-10-31,7945.3,7442.1,6936.5,8218.3,3161787956,,54.03576388,,
1997-11-30,7443.1,7823.1,7334.8,7934.5,2294801508,,37.39870824,,
1997-12-31,7823.6,7908.3,7563.2,8209.6,2697491719,,23.72955257,,
1998-01-31,7908.3,7906.5,7391.6,8072.9,2872292482,,7.030957632,,
1998-02-28,7987.5,8545.7,7987.5,8616.7,2629297010,,30.20003432,,
1998-03-31,8528.8,8799.8,8377.3,8997.1,3094644343,,52.49781962,,
1998-04-30,8818.5,9063.4,8715.6,9287.3,3080314297,,73.56722425,,
1998-05-31,9106.5,8900,8761,9312,2588828589,,65.34439364,,
1998-06-30,8907.9,8952,8524.6,9155,3056835329,,52.79020352,,
1998-07-31,9011.6,8883.3,8786.5,9412.6,3201834561,,30.356201,,
1998-08-31,8868.1,7539.1,7517.7,8948.2,3399597715,,-78.56286717,,
1998-09-30,7583.1,7842.6,7379.7,8253.8,3770093247,,-130.6479561,,
1998-10-31,7749.4,8592.1,7399.8,8718.3,4060522572,,-115.6197704,,
1998-11-30,8645.7,9116.6,8573.6,9458,3034123292,,-73.40954004,,
1998-12-31,9039.6,9181.4,8610.6,9390.8,3424387223,,-45.54452569,,
1999-01-31,9212.8,9358.8,8994.3,9759.4,3657180465,,-20.84187075,,
1999-02-28,9405.4,9306.6,9025.4,9662.8,3283276694,,-14.0213082,,
1999-03-31,9315.3,9786.2,9163.4,10158.6,4060714261,,15.20375114,,
1999-04-30,9825.3,10789,9707.9,11072.3,4178165414,,90.29423839,,
1999-05-31,10788.8,10559.7,10373,11244.4,3582013511,,111.3603775,,
1999-06-30,10549.1,10970.8,10334.4,11120.2,3626880454,,138.075799,,
1999-07-31,10972.4,10655.2,10595,11321.6,3458555655,,120.2406158,,
1999-08-31,10654.8,10829.3,10487.3,11428.9,3568093981,,106.3943837,,
1999-09-30,10828.4,10337,10055.2,11218.4,3707977444,,53.00360572,,
1999-10-31,10335.7,10729.9,9884.2,10883.1,4247819610,,33.99649542,,
1999-11-30,10730.8,10877.8,10536.3,11112.8,4109329491,,21.82397348,,
1999-12-31,10876.5,11497.1,10859.7,11568.8,4018609185,,44.60724831,,
2000-01-31,11501.8,10940.5,10701.6,11750.3,4821629041,,12.9609426,,
2000-02-29,10937.7,10128.3,9836.06,11118.9,4574187369,,-67.48315355,,
2000-03-31,10128.1,10921.9,9731.81,11234.7,5970887097,,-71.66353462,,
2000-04-30,10863.3,10733.9,10201.5,11425.5,5239047252,,-90.30423718,,
2000-05-31,10749.4,10522.3,10258.8,10971.2,4570319640,,-118.3314879,,
2000-06-30,10532.3,10447.9,10335.5,10863,4364910329,,-141.7473255,,
2000-07-31,10450.4,10522,10393.1,10874.6,3710791776,,-151.2453279,,
2000-08-31,10523.8,11215.1,10518.3,11319.1,3757717223,,-111.6741473,,
2000-09-30,11219.5,10650.9,10567.3,11401.2,4654259909,,-123.4051608,,
2000-10-31,10659.1,10971.1,9651.68,10995.4,6252273325,,-109.9548293,,
2000-11-30,10966.2,10414.5,10292.4,11006.5,4808681449,,-137.1311256,,
2000-12-31,10416.8,10786.8,10299.2,10917.7,5150405641,,-128.7540013,,
2001-01-31,10790.9,10887.4,10468,11028,5626039747,,-115.5776272,,
2001-02-28,10884.8,10495.3,10294,11035.1,4081942667,,-131.2634419,,
2001-03-31,10493.2,9878.78,9106.54,10859.5,5797302326,,-178.2400252,,
2001-04-30,9877.16,10735,9375.72,10906.4,5167709050,,-147.9733946,,
2001-05-31,10734,10911.9,10673.2,11350,4507964740,,-113.8941949,,
2001-06-30,10913.6,10502.4,10394.7,11196.5,4608307800,,-116.3749289,,
2001-07-31,10505,10522.8,10120.9,10679.1,4350501786,,-113.9402211,,
2001-08-31,10527.4,9949.75,9869.14,10609.7,3865174075,,-146.1651409,,
2001-09-30,9946.98,8847.56,8062.34,10182.4,5207049382,,-231.8600989,,
2001-10-31,8845.97,9075.14,8732.14,9598.17,5468723056,,-261.1854988,,
2001-11-30,9087.45,9851.56,9014.46,9992.79,4378427993,,-218.0212847,,
2001-12-31,9848.93,10021.5,9703.9,10184.5,4058000507,,-169.8919463,,
2002-01-31,10021.7,9920,9529.46,10300.2,4715215495,,-138.1090324,,
2002-02-28,9923.04,10106.1,9580.32,10255.2,4394349355,,-99.56911484,,
2002-03-31,10111,10403.9,10111,10673.1,4373945708,,-51.45899335,,
2002-04-30,10402.1,9946.22,9811.57,10402.1,5096757124,,-47.96814869,,
2002-05-31,9944.9,9925.25,9802.23,10353.4,4790794094,,-44.64765709,,
2002-06-30,9923.94,9243.26,8926.57,9986.49,5824154587,,-83.69099625,,
2002-07-31,9239.25,8736.59,7532.66,9410.38,7955760203,,-135.8611859,,
2002-08-31,8732.58,8663.5,8030.82,9077.01,5734849071,,-165.5444658,,
2002-09-30,8659.27,7591.93,7460.78,8726.9,5697561541,,-242.9206914,,
2002-10-31,7593.04,8397.03,7197.49,8558.63,7781870317,,-225.8153812,,
2002-11-30,8395.64,8896.09,8298.68,8950.33,5538223518,,-169.4036423,,
2002-12-31,8902.95,8341.63,8242.91,9043.37,4724496338,,-158.159672,,
2003-01-31,8342.38,8053.81,7917.16,8869.29,5655588165,,-158.4385917,,
2003-02-28,8053.74,7891.08,7628.99,8152.53,4427989377,,-157.5811491,,
2003-03-31,7890.24,7992.13,7416.64,8522.18,5397348162,,-138.8634224,,
2003-04-30,7992.83,8480.09,7979.69,8559.77,5198309174,,-84.92423978,,
2003-05-31,8478.48,8850.26,8340.23,8868.33,5143361373,,-19.06003505,,
2003-06-30,8851.45,8985.44,8851.45,9352.77,5352016335,,35.8727609,,
2003-07-31,8983.66,9233.8,8871.2,9361.4,5244105085,,88.21541558,,
2003-08-31,9232.68,9415.82,8997.11,9499.97,4181936494,,131.7560068,,
2003-09-30,9416.67,9275.06,9230.47,9686.08,4884004381,,146.5978014,,
2003-10-31,9276.8,9801.12,9276.8,9850.01,5274191220,,184.8944834,,
2003-11-30,9802.46,9782.46,9585.5,9903.57,4292421359,,200.7004892,,
2003-12-31,9785.35,10453.9,9785.35,10462.4,4954522225,,245.1643309,,
2004-01-31,10452.7,10488.1,10367.4,10705.2,4996205403,,264.0335335,,
2004-02-29,10487.8,10583.9,10434.7,10753.6,4436584843,,269.2007398,,
2004-03-31,10582.2,10357.7,10007.5,10695.5,6096557327,,244.346076,,
2004-04-30,10357.5,10225.6,10219.2,10570.8,5484370200,,207.4255363,,
2004-05-31,10227.3,10188.5,9852.19,10386.3,4764277640,,170.4676883,,
2004-06-30,10187.2,10435.5,10134.9,10487.5,4924254318,,153.1659155,,
2004-07-31,10434,10139.7,9913.92,10448.1,5483505408,,114.1018535,,
2004-08-31,10138.5,10173.9,9783.91,10211.2,4516381499,,84.24518066,,
2004-09-30,10170.1,10080.3,9977.92,10363.4,5177046388,,53.37674789,,
2004-10-31,10082,10027.5,9708.4,10270.4,5847212966,,25.97444211,,
2004-11-30,10028.7,10428,10010.2,10602.8,6250225546,,31.05045774,,
2004-12-31,10425.8,10783,10418.6,10868.1,6515191653,,53.24268892,,
2005-01-31,10783.8,10489.9,10368.6,10867.4,6031059007,,43.51810018,,
2005-02-28,10489.7,10766.2,10489.6,10853.4,5740829904,,50.53703731,,
2005-03-31,10769,10503.8,10396.2,10984.5,6509018561,,33.18878815,,
2005-04-30,10504.6,10192.5,10000.5,10568.9,6566426202,,-1.719245143,,
2005-05-31,10192,10467.5,10075.5,10560.8,5405359615,,-8.383259339,,
2005-06-30,10462.9,10275,10253.5,10656.3,5590890718,,-26.8107816,,
2005-07-31,10273.6,10640.9,10175.4,10717.7,5453171925,,-15.94855099,,
2005-08-31,10641.8,10481.6,10349.4,10719.4,5763779368,,-20.77817385,,
2005-09-30,10481.4,10568.7,10351,10701.8,6008000387,,-19.41793962,,
2005-10-31,10569.5,10440.1,10156.5,10608.6,6834894029,,-27.9705413,,
2005-11-30,10437.5,10805.9,10388.8,10959.8,6394007999,,-10.67277145,,
2005-12-31,10806,10717.5,10709.4,10940.3,5972404221,,-7.040924706,,
2006-01-31,10718.3,10864.9,10661.2,11047.8,6656130280,,2.899251595,,
2006-02-28,10862.1,10993.4,10737.7,11159.2,5759103824,,15.05952436,,
2006-03-31,10993.2,11109.3,10922.7,11335,6681439280,,27.13542271,,
2006-04-30,11113,11367.1,11039.1,11417.7,5584036800,,47.51927765,,
2006-05-31,11367.8,11168.3,11030.5,11670.2,7297653200,,42.79439213,,
2006-06-30,11169,11150.2,10698.8,11285.8,6915326416,,34.0138356,,
2006-07-31,11149.3,11185.7,10683.3,11257.1,5548663680,,26.49465671,,
2006-08-31,11184.8,11381.2,11042.6,11407.1,4546816896,,30.3106922,,
2006-09-30,11382.8,11679.1,11323.8,11742,4494894352,,47.49722215,,
2006-10-31,11679,12080.7,11653,12167,5543222544,,78.67280866,,
2006-11-30,12080.2,12221.9,11965.3,12361,4722838008,,100.1847581,,
2006-12-31,12221,12463.2,12090,12529.9,4336607552,,120.671842,,
2007-01-31,12459.5,12621.7,12337.4,12657,4992601600,,133.8834551,,
2007-02-28,12617.2,12268.6,12086,12795.9,4347410528,,108.8881052,,
2007-03-31,12265.6,12354.3,11939.6,12511,5632851904,,89.01068151,,
2007-04-30,12354.5,13062.9,12324.3,13162,4819809060,,112.9322316,,
2007-05-31,13062.8,13627.6,13041.3,13673.1,4992619767,,153.6113656,,
2007-06-30,13628.7,13408.6,13251.5,13692,5224570597,,152.2973465,,
2007-07-31,13409.6,13212,13199.8,14022,5512064484,,125.8141149,,
2007-08-31,13211.1,13357.7,12517.9,13695.8,6199185358,,106.5016338,,
2007-09-30,13358.4,13895.6,13021.9,13924.8,4328676932,,117.4825814,,
2007-10-31,13895.7,13930,13407.5,14198.1,5010929565,,114.4752634,,
2007-11-30,13924.2,13371.7,12724.1,13924.2,5980232601,,64.77237851,,
2007-12-31,13368.2,13264.8,13092,13780.1,4310312383,,17.0667884,,
2008-01-31,13261.8,12650.4,11634.8,13279.5,7459824055,,-59.31249322,,
2008-02-29,12638.2,12266.4,12069.5,12767.7,5720329027,,-134.8211861,,
2008-03-31,12264.4,12262.9,11731.6,12622.1,6229017541,,-181.2360146,,
2008-04-30,12266.6,12820.1,12266.5,13010,5050809902,,-170.7865928,,
2008-05-31,12818.3,12638.3,12442.6,13136.7,4530791067,,-172.015533,,
2008-06-30,12637.7,11350,11287.5,12638.1,5309933092,,-250.7220079,,
2008-07-31,11344.6,11378,10827.7,11698.2,5523442336,,-289.28934,,
2008-08-31,11379.9,11543.5,11221.5,11867.1,3578224301,,-291.2421942,,
2008-09-30,11545.6,10850.7,10365.5,11790.2,6302320358,,-324.254332,,
2008-10-31,10847.4,9325.01,7882.51,10882.5,8361911096,,-427.4173291,,
2008-11-30,9326.04,8829.04,7449.38,9651.01,6262885066,,-502.4530556,,
2008-12-31,8826.89,8776.39,8141.04,9026.41,5701891354,,-526.4888182,,
2009-01-31,8772.25,8000.86,7909.03,9088.06,6261961262,,-562.2313353,,
2009-02-28,8000.62,7062.93,7033.62,8315.07,7134341690,,-612.5202873,,
2009-03-31,7056.48,7608.92,6469.95,7930.69,10561063894,,-573.1940675,,
2009-04-30,7606.13,8168.12,7483.87,8307.51,7795909336,,-477.610883,,
2009-05-31,8167.41,8500.33,8099.31,8591.93,6614792069,,-365.1749511,,
2009-06-30,8501.53,8447,8259.43,8877.93,5524100354,,-271.8420755,,
2009-07-31,8447.53,9171.61,8087.19,9246.43,4902335492,,-145.1093927,,
2009-08-31,9173.65,9496.28,9116.52,9628.77,4042188535,,-29.27839707,,
2009-09-30,9492.32,9712.28,9252.93,9917.99,4478504685,,66.77924579,,
2009-10-31,9711.6,9712.73,9430.46,10119.5,5151146842,,131.499733,,
2009-11-30,9712.13,10344.8,9678.95,10495.6,3813529922,,213.1947417,,
2009-12-31,10343.8,10428,10235.6,10580.3,4174011218,,265.732949,,
2010-01-31,10430.7,10067.3,10043.8,10729.8,4388026634,,268.3077785,,
2010-02-28,10069,10325.3,9835.09,10438.5,4279668738,,278.3040146,,
2010-03-31,10326.1,10856.6,10326.1,10955.5,4355611517,,309.234882,,
2010-04-30,10857.3,11008.6,10844.1,11258,4237511255,,326.7548746,,
2010-05-31,11009.6,10136.6,9774.48,11177.7,5605683456,,268.8567356,,
2010-06-30,10133.9,9774.02,9753.84,10594.2,4941688684,,198.6203044,,
2010-07-31,9773.27,10465.9,9614.32,10585,4199014665,,191.1728583,,
2010-08-31,10468.8,10014.72,9936.62,10719.94,4081344058,,150.0875987,,
2010-09-30,10016.01,10788.05,10016.01,10948.88,3764965610,,167.875854,,
2010-10-31,10789.72,11118.49,10711.12,11247.6,3787264851,,192.98557,,
2010-11-30,11120.3,11006.02,10929.28,11451.53,3808125402,,192.6626082,,
2010-12-31,11007.23,11577.51,11007.23,11625,3253319684,,219.6254793,,
2011-01-31,11577.43,11891.93,11573.87,12020.52,3681744272,,245.3709657,,
2011-02-28,11892.5,12226.34,11892.5,12391.29,3220478620,,269.7202631,,
2011-03-31,12226.49,12319.73,11555.48,12383.46,3851824889,,275.9219456,,
2011-04-30,12321.02,12810.54,12093.89,12832.83,3321114294,,295.1574861,,
2011-05-31,12810.16,12569.79,12309.52,12876,3578011273,,274.1948638,,
2011-06-30,12569.41,12414.34,11862.53,12569.49,3876448867,,233.9544082,,
2011-07-31,12412.07,12143.24,12083.45,12753.89,3070041318,,175.8267092,,
2011-08-31,12144.22,11613.53,10604.07,12282.42,6188864691,,92.63015193,,
2011-09-30,11613.3,10913.38,10597.14,11716.84,4396505126,,-13.00598458,,
2011-10-31,10912.1,11955.01,10404.49,12284.31,3907750464,,-15.98322001,,
2011-11-30,11951.53,12045.68,11231.56,12187.51,3392029438,,-15.11139007,,
2011-12-31,12046.21,12217.56,11735.19,12328.47,3147686104,,-6.655668894,,
2012-01-31,12221.19,12632.91,12221.19,12841.95,2985259034,,21.66308173,,
2012-02-29,12632.76,12952.07,12632.76,13055.75,2715759256,,54.75908307,,
2012-03-31,12952.29,13212.04,12734.86,13289.08,3206254624,,85.21225098,,
2012-04-30,13211.36,13213.63,12710.56,13297.11,2589863440,,95.72911278,,
2012-05-31,13214.16,12393.45,12311.56,13338.66,3053335704,,40.53734526,,
2012-06-30,12391.56,12880.09,12035.09,12898.94,2921381080,,30.35973214,,
2012-07-31,12879.71,13008.68,12492.25,13128.64,2445827432,,26.01053573,,
2012-08-31,13007.47,13090.84,12778.9,13330.76,1753508288,,22.52013266,,
2012-09-30,13092.15,13437.13,12977.09,13653.24,2576023225,,36.55580892,,
2012-10-31,13437.66,13096.46,13039.86,13661.87,2474356528,,16.9172184,,
2012-11-30,13099.19,13025.58,12471.49,13290.75,2685636776,,-5.619453028,,
2012-12-31,13027.73,13104.14,12883.89,13365.86,2666976408,,-19.24145632,,
2013-01-31,13104.3,13860.58,13104.3,13969.99,2787270128,,16.74274272,,
2013-02-28,13860.58,14054.49,13784.01,14149.15,2490243880,,45.99528663,,
2013-03-31,14054.49,14578.54,13937.6,14585.1,2546588736,,90.45902382,,
2013-04-30,14578.54,14839.8,14434.43,14887.51,2921359544,,125.1491614,,
2013-05-31,14839.8,15115.57,14687.05,15542.4,2773132432,,152.5356358,,
2013-06-30,15123.55,14909.6,14551.27,15340.09,2929583760,,142.8174904,,
2013-07-31,14911.6,15499.54,14858.93,15634.32,2574668888,,160.8199363,,
2013-08-31,15503.85,14810.31,14760.41,15658.43,2332090866,,113.2532117,,
2013-09-30,14801.55,15129.67,14777.48,15709.58,2371713232,,91.19025802,,
2013-10-31,15132.49,15545.75,14719.43,15721,2207766048,,92.23375387,,
2013-11-30,15558.01,16086.41,15522.18,16174.51,1821575428,,115.445408,,
2013-12-31,16087.12,16576.66,15703.79,16588.25,2057590344,,147.8546692,,
2014-01-31,16572.17,15698.85,15617.55,16573.07,2178618104,,96.68648132,,
2014-02-28,15697.69,16321.71,15340.69,16398.95,2069116384,,91.36477409,,
2014-03-31,16321.71,16457.66,16046.99,16505.7,2096300160,,83.77602789,,
2014-04-30,16457.66,16580.84,16015.32,16631.47,1988108520,,74.15826614,,
2014-05-31,16580.84,16705.45,16341.43,16735.35,1645210496,,63.69517327,,
2014-06-30,16705.45,16826.6,16674.23,16977.85,1754229284,,52.88475256,,
2014-07-31,16826.6,16563.3,16563.3,17151.36,1691439988,,17.76809769,,
2014-08-31,16563.3,17098.45,16334.67,17153.8,1483691768,,20.17235581,,
2014-09-30,17098.45,17042.9,16934.43,17350.64,1870609232,,8.224889207,,
2014-10-31,17040.46,17390.52,15855.12,17395.54,2313423493,,13.61896687,,
2014-11-30,17390.9,17828.24,17278.36,17894.83,1516495183,,35.31855317,,
2014-12-31,17827.27,17823.07,17067.59,18103.45,2217010716,,37.75588498,,
2015-01-31,17823.07,17164.95,17136.3,17951.78,2173990171,,-13.76355701,,
2015-02-28,17169.99,18132.7,17037.76,18244.38,1751783672,,7.389269783,,
2015-03-31,18134.05,17776.12,17579.27,18288.63,2471552736,,-11.54968774,,
2015-04-30,17778.52,17840.52,17585.01,18175.56,2178914048,,-27.73230334,,
2015-05-31,17859.27,18010.68,17733.12,18351.36,1833479464,,-34.5264141,,
2015-06-30,18017.82,17619.51,17576.5,18188.81,2219634160,,-70.82390996,,
2015-07-31,17638.12,17689.86,17399.17,18137.12,2040549816,,-94.09623109,,
2015-08-31,17696.74,16528.03,15370.33,17704.76,2727232024,,-186.4050362,,
2015-09-30,16528.03,16284.7,15942.37,16933.43,2724581832,,-258.1042128,,
2015-10-31,16278.62,17663.54,16013.66,17799.96,2609808352,,-209.0157129,,
2015-11-30,17672.62,17719.92,17210.43,17977.85,2299409048,,-170.7130563,,
2015-12-31,17719.72,17425.03,17116.73,17901.58,2521670424,,-163.206787,,
2016-01-31,17405.48,16466.3,15450.56,17405.48,2846597112,,-217.3893243,,
2016-02-29,16453.63,16516.5,15503.01,16795.98,2492351704,,-242.5138427,,
2016-03-31,16545.67,17685.09,16545.67,17790.11,2407923072,,-176.1825137,,
2016-04-30,17661.74,17773.64,17484.23,18167.63,2097246576,,-124.5297034,,
2016-05-31,17783.78,17787.2,17331.07,17934.61,1879426512,,-89.28668805,,
2016-06-30,17754.55,17929.99,17063.08,18016,2350391976,,-57.72585229,,
2016-07-31,17924.24,18432.24,17713.45,18622.01,1819018224,,-7.055940196,,
2016-08-31,18434.5,18400.88,18247.79,18668.44,1695875316,,18.89730856,,
2016-09-30,18396.57,18308.15,17992.21,18551.54,2101349840,,24.03855856,,
2016-10-31,18279.6,18142.42,17959.95,18399.96,1795938104,,11.15225993,,
2016-11-30,18158.24,19123.58,17883.56,19225.29,2108095180,,60.80858633,,
2016-12-31,19149.2,19762.6,19138.79,19987.63,1954710848,,125.0891812,,
2017-01-31,19872.86,19864.09,19677.94,20125.58,1775460496,,160.5772769,,
2017-02-28,19923.81,20812.24,19831.09,20851.33,1685577328,,229.8243223,,
2017-03-31,20957.29,20663.22,20412.8,21169.11,2094144796,,246.0581367,,
2017-04-30,20665.17,20940.51,20379.55,21070.9,1472121732,,254.8585734,,
2017-05-31,20962.73,21008.65,20553.45,21112.32,1830950620,,244.6102409,,
2017-06-30,21030.55,21349.63,20994.22,21535.03,2196607820,,239.8142387,,
2017-07-31,21392.3,21891.12,21279.3,21929.8,1587604272,,250.9365604,,
2017-08-31,21961.42,21948.1,21600.34,22179.11,1780648596,,239.9608973,,
2017-09-30,21981.77,22405.09,21709.63,22419.51,1899156824,,240.6907919,,
2017-10-31,22423.47,23377.24,22416,23485.25,1868258276,,281.0469659,,
2017-11-30,23442.9,24272.35,23242.75,24327.82,1919923828,,338.567511,,
2017-12-31,24305.4,24719.22,23921.9,24876.07,2052647896,,374.4537359,,
2018-01-31,24809.35,26149.39,24741.7,26616.71,2416254904,,456.7972258,,
2018-02-28,26083.04,25029.2,23360.29,26306.7,2614875200,,400.1434973,,
2018-03-31,25024.04,24103.11,23509.06,25449.15,2671145288,,270.8138877,,
2018-04-30,24076.6,24163.15,23344.52,24858.97,2269646184,,165.0273888,,
2018-05-31,24117.29,24415.84,23531.31,25086.49,2071413808,,91.46110089,,
2018-06-30,24542.09,24271.41,23997.21,25402.83,2430588384,,16.39455431,,
2018-07-31,24161.53,25415.19,24077.56,25587.24,1832485560,,26.49597329,,
2018-08-31,25461.63,25964.82,24965.77,26167.94,1561862712,,51.47183539,,
2018-09-30,25916.07,26458.31,25754.32,26769.16,1779576676,,80.76139594,,
2018-10-31,26598.36,25115.76,24122.23,26951.81,2411410703,,-6.13656308,,
2018-11-30,25142.08,25538.46,24268.74,26277.82,2169998321,,-48.63515632,,
2018-12-31,25779.57,23327.46,21712.53,25980.21,2667842452,,-229.0429726,,
2019-01-31,23058.61,24999.67,22638.41,25109.62,2160426552,,-238.0929167,,
2019-02-28,25025.31,25916,24883.04,26241.42,1598736628,,-186.9604871,,
2019-03-31,26019.67,25928.68,25208,26155.98,2000455048,,-158.0300692,,
2019-04-30,26075.1,26592.91,26062.59,26695.96,1586184203,,-102.591441,,
2019-05-31,26639.06,24815.04,24809.51,26689.39,1808655690,,-189.0594548,,
2019-06-30,24830.16,26599.96,24680.57,26907.37,1805281186,,-132.1391672,,
2019-07-31,26805.86,26864.27,26616.21,27398.68,1444553644,,-85.07033174,,
2019-08-31,26879.86,26403.28,25339.6,27175.59,1841965440,,-92.73668071,,
2019-09-30,26198.26,26916.83,25978.22,27306.73,1675867144,,-71.9038685,,
2019-10-31,26962.54,27046.23,25743.46,27204.36,1660483398,,-58.65209669,,
2019-11-30,27142.95,28051.41,27142.95,28174.97,1457404520,,5.177259676,,
2019-12-31,28109.74,28538.44,27325.13,28701.66,1601033288,,64.28270334,,
2020-01-31,28638.97,28256.03,28169.53,29373.62,1663902059,,68.07850848,,
2020-02-29,28319.65,25409.36,24681.01,29568.57,2049965061,,-126.791926,,
2020-03-31,25590.51,18591.93,18213.65,27102.34,3236103641,,-689.0827227,,
